--
-- PostgreSQL database dump
--

-- Dumped from database version 16.9 (Ubuntu 16.9-0ubuntu0.24.04.1)
-- Dumped by pg_dump version 16.9 (Ubuntu 16.9-0ubuntu0.24.04.1)

SET statement_timeout = 0;
SET lock_timeout = 0;
SET idle_in_transaction_session_timeout = 0;
SET client_encoding = 'UTF8';
SET standard_conforming_strings = on;
SELECT pg_catalog.set_config('search_path', '', false);
SET check_function_bodies = false;
SET xmloption = content;
SET client_min_messages = warning;
SET row_security = off;

SET default_tablespace = '';

SET default_table_access_method = heap;

--
-- Name: bonus_type; Type: TABLE; Schema: public; Owner: postgres
--

CREATE TABLE public.bonus_type (
    id smallint NOT NULL,
    name_short character varying(50),
    description character varying(200)
);


ALTER TABLE public.bonus_type OWNER TO postgres;

--
-- Name: bonus_type_id_seq; Type: SEQUENCE; Schema: public; Owner: postgres
--

ALTER TABLE public.bonus_type ALTER COLUMN id ADD GENERATED ALWAYS AS IDENTITY (
    SEQUENCE NAME public.bonus_type_id_seq
    START WITH 1
    INCREMENT BY 1
    NO MINVALUE
    NO MAXVALUE
    CACHE 1
);


--
-- Name: temp_table; Type: TABLE; Schema: public; Owner: postgres
--

CREATE TABLE public.temp_table (
    id integer,
    wonder_id smallint,
    bonus_type_id smallint,
    stat_value numeric(10,2),
    row_number bigint,
    level2 smallint
);


ALTER TABLE public.temp_table OWNER TO postgres;

--
-- Name: user_bonus_preferences; Type: TABLE; Schema: public; Owner: postgres
--

CREATE TABLE public.user_bonus_preferences (
    id integer NOT NULL,
    preference_name character varying(50),
    bonus_type_id smallint,
    preference_value numeric(3,1),
    user_id integer
);


ALTER TABLE public.user_bonus_preferences OWNER TO postgres;

--
-- Name: user_bonus_preferences_id_seq; Type: SEQUENCE; Schema: public; Owner: postgres
--

ALTER TABLE public.user_bonus_preferences ALTER COLUMN id ADD GENERATED ALWAYS AS IDENTITY (
    SEQUENCE NAME public.user_bonus_preferences_id_seq
    START WITH 1
    INCREMENT BY 1
    NO MINVALUE
    NO MAXVALUE
    CACHE 1
);


--
-- Name: user_wonders; Type: TABLE; Schema: public; Owner: postgres
--

CREATE TABLE public.user_wonders (
    id integer NOT NULL,
    wonder_id smallint,
    user_id smallint,
    level smallint
);


ALTER TABLE public.user_wonders OWNER TO postgres;

--
-- Name: user_wonders_id_seq; Type: SEQUENCE; Schema: public; Owner: postgres
--

ALTER TABLE public.user_wonders ALTER COLUMN id ADD GENERATED ALWAYS AS IDENTITY (
    SEQUENCE NAME public.user_wonders_id_seq
    START WITH 1
    INCREMENT BY 1
    NO MINVALUE
    NO MAXVALUE
    CACHE 1
);


--
-- Name: users; Type: TABLE; Schema: public; Owner: postgres
--

CREATE TABLE public.users (
    id integer NOT NULL,
    name character varying(200),
    user_name character varying(20)
);


ALTER TABLE public.users OWNER TO postgres;

--
-- Name: users_id_seq; Type: SEQUENCE; Schema: public; Owner: postgres
--

ALTER TABLE public.users ALTER COLUMN id ADD GENERATED ALWAYS AS IDENTITY (
    SEQUENCE NAME public.users_id_seq
    START WITH 1
    INCREMENT BY 1
    NO MINVALUE
    NO MAXVALUE
    CACHE 1
);


--
-- Name: wonder_type; Type: TABLE; Schema: public; Owner: postgres
--

CREATE TABLE public.wonder_type (
    id integer NOT NULL,
    name character varying(50),
    english_name character varying(50)
);


ALTER TABLE public.wonder_type OWNER TO postgres;

--
-- Name: wonders; Type: TABLE; Schema: public; Owner: postgres
--

CREATE TABLE public.wonders (
    id integer NOT NULL,
    name character varying(200),
    english_name character varying(200),
    allied boolean,
    wonder_type_1 smallint,
    wonder_type_2 smallint,
    synergy_bonus smallint,
    synergy_type smallint,
    synergy_amount numeric(6,2),
    synergy_multiplier smallint
);


ALTER TABLE public.wonders OWNER TO postgres;

--
-- Name: vw_wonders; Type: VIEW; Schema: public; Owner: postgres
--

CREATE VIEW public.vw_wonders AS
 SELECT w.id,
    w.name AS wonder_name,
    t1.name AS type_1,
    t2.name AS type_2,
    bt.name_short AS synergy_bonus_type,
    bt.description AS synergy_bonus,
    bs.name AS synergy_type,
    w.synergy_amount
   FROM ((((public.wonders w
     JOIN public.wonder_type t1 ON ((t1.id = w.wonder_type_1)))
     LEFT JOIN public.wonder_type t2 ON ((t2.id = w.wonder_type_2)))
     LEFT JOIN public.wonder_type bs ON ((bs.id = w.synergy_bonus)))
     LEFT JOIN public.bonus_type bt ON ((bt.id = w.synergy_type)));


ALTER VIEW public.vw_wonders OWNER TO postgres;

--
-- Name: vw_wonders_en; Type: VIEW; Schema: public; Owner: postgres
--

CREATE VIEW public.vw_wonders_en AS
 SELECT w.id,
    w.english_name AS wonder_name,
    t1.english_name AS type_1,
    t2.english_name AS type_2
   FROM ((public.wonders w
     JOIN public.wonder_type t1 ON ((t1.id = w.wonder_type_1)))
     LEFT JOIN public.wonder_type t2 ON ((t2.id = w.wonder_type_2)))
  ORDER BY w.id;


ALTER VIEW public.vw_wonders_en OWNER TO postgres;

--
-- Name: wonder_level_stats; Type: TABLE; Schema: public; Owner: postgres
--

CREATE TABLE public.wonder_level_stats (
    id integer NOT NULL,
    wonder_id smallint,
    bonus_type_id smallint,
    stat_value numeric(10,2),
    level smallint
);


ALTER TABLE public.wonder_level_stats OWNER TO postgres;

--
-- Name: wonder_level_stats_id_seq; Type: SEQUENCE; Schema: public; Owner: postgres
--

ALTER TABLE public.wonder_level_stats ALTER COLUMN id ADD GENERATED ALWAYS AS IDENTITY (
    SEQUENCE NAME public.wonder_level_stats_id_seq
    START WITH 1
    INCREMENT BY 1
    NO MINVALUE
    NO MAXVALUE
    CACHE 1
);


--
-- Name: wonder_type_id_seq; Type: SEQUENCE; Schema: public; Owner: postgres
--

ALTER TABLE public.wonder_type ALTER COLUMN id ADD GENERATED ALWAYS AS IDENTITY (
    SEQUENCE NAME public.wonder_type_id_seq
    START WITH 1
    INCREMENT BY 1
    NO MINVALUE
    NO MAXVALUE
    CACHE 1
);


--
-- Name: wonders_id_seq; Type: SEQUENCE; Schema: public; Owner: postgres
--

ALTER TABLE public.wonders ALTER COLUMN id ADD GENERATED ALWAYS AS IDENTITY (
    SEQUENCE NAME public.wonders_id_seq
    START WITH 1
    INCREMENT BY 1
    NO MINVALUE
    NO MAXVALUE
    CACHE 1
);


--
-- Data for Name: bonus_type; Type: TABLE DATA; Schema: public; Owner: postgres
--

COPY public.bonus_type (id, name_short, description) FROM stdin;
1	RP	extra RP
2	peg	previous era goods
6	ceg	current era goods
8	Fd	Food bonus
9	SRP	Speed up RP regeneration
12	BHP	Unit Bastion - Stat Hit Points
18	CG	Boost Capital Goods
19	cepg	current era primary goods
20	AD	Stat Damage
7	CD	Unit Cavalry - Stat Damage
15	RD	Unit Range - Stat Damage
11	IHP	Unit Infantry - Stat Hit Points
17	HIHP	Unit Heavy Infantry - Stat Hit Points
4	HID	Unit Heavy Infantry - Stat Damage
13	RHP	Unit Range - Stat Hit Points
14	ID	Unit Infantry - Stat Damage
3	RCH	Unit Range - Stat Crit Boost
10	TG	Trade Goods - Stat Bonus
5	DG	Gears
21	CC	China Crest - Goods
23	CHP	Unit Cavalry - Stat Hit Points
24	GS	Goods - Stat Goods
25	CS	Stat Coins
26	RPEC	extra RP / Event Coins
27	EC	Egypt Crest - Goods
28	RPF	Research - Research - Research - Food
29	RSCB	Trade Slot Cooldown Boost
30	HI	Unit Heavy Infantry
31	Co	Compass
32	KP	Questgiver King Pakal - Chest2
33	RPS	Stat RP
34	ccg	Icon chest customizations generic - Food
35	ICHC	Unit Infantry - Stat Crit Chance
36	RL	Commander Ragnar Lodbrok - Chest2
37	RPT	Research - Time Boost
38	GPG	Goods - Previous Goods
39	EW	Extra Worker
40	AB	Unit Aachen Boost
41	RPB	Research - Boost
42	MCG	Maya Empire Crest - Goods
43	EQ	Questgiver Emperor Qin - Chest2
44	MA	Unit Maya Archer
45	EDW	Extra Dock Worker
46	RPC	Research - Research - Research - Chest2
47	TP	Tavern Production Bonus
48	HICC	Unit Heavy Infantry - Stat Crit Chance
49	Me	Questgiver Menes - Chest2
\.


--
-- Data for Name: temp_table; Type: TABLE DATA; Schema: public; Owner: postgres
--

COPY public.temp_table (id, wonder_id, bonus_type_id, stat_value, row_number, level2) FROM stdin;
1076	1	1	1.00	1	1
1077	1	1	1.00	2	2
40	1	1	1.00	3	3
1082	1	1	1.00	4	4
1081	1	1	1.00	5	5
1080	1	1	1.00	6	6
1079	1	1	1.00	7	7
1078	1	1	1.00	8	8
1075	1	1	1.00	9	9
1085	1	1	2.00	10	10
1084	1	1	2.00	11	11
1083	1	1	2.00	12	12
1088	1	1	2.00	13	13
1089	1	1	2.00	14	14
1090	1	1	2.00	15	15
1087	1	1	2.00	16	16
1091	1	1	2.00	17	17
1092	1	1	2.00	18	18
1086	1	1	2.00	19	19
938	1	1	3.00	20	20
1155	1	1	3.00	21	21
1156	1	1	3.00	22	22
1157	1	1	3.00	23	23
1158	1	1	3.00	24	24
1159	1	1	3.00	25	25
1171	1	1	3.00	26	26
1172	1	1	3.00	27	27
1173	1	1	3.00	28	28
1093	1	1	3.00	29	29
668	1	1	4.00	30	30
721	1	25	10.00	1	1
722	1	25	13.00	2	2
723	1	25	15.00	3	3
724	1	25	17.00	4	4
725	1	25	18.00	5	5
726	1	25	20.00	6	6
727	1	25	21.00	7	7
728	1	25	22.00	8	8
729	1	25	23.00	9	9
730	1	25	24.00	10	10
731	1	25	25.00	11	11
732	1	25	26.00	12	12
733	1	25	27.00	13	13
734	1	25	27.00	14	14
735	1	25	28.00	15	15
737	1	25	29.00	16	16
736	1	25	29.00	17	17
738	1	25	30.00	18	18
739	1	25	31.00	19	19
740	1	25	31.00	20	20
741	1	25	32.00	21	21
743	1	25	33.00	22	22
742	1	25	33.00	23	23
745	1	25	34.00	24	24
744	1	25	34.00	25	25
747	1	25	35.00	26	26
746	1	25	35.00	27	27
748	1	25	36.00	28	28
749	1	25	36.00	29	29
750	1	25	37.00	30	30
73	2	8	8.00	1	1
44	2	8	10.00	2	2
45	2	8	13.00	3	3
46	2	8	15.00	4	4
47	2	8	17.00	5	5
48	2	8	18.00	6	6
49	2	8	20.00	7	7
50	2	8	21.00	8	8
51	2	8	22.00	9	9
52	2	8	23.00	10	10
53	2	8	24.00	11	11
54	2	8	25.00	12	12
55	2	8	26.00	13	13
57	2	8	27.00	14	14
56	2	8	27.00	15	15
58	2	8	28.00	16	16
60	2	8	29.00	17	17
59	2	8	29.00	18	18
61	2	8	30.00	19	19
62	2	8	31.00	20	20
63	2	8	31.00	21	21
64	2	8	32.00	22	22
65	2	8	33.00	23	23
66	2	8	33.00	24	24
68	2	8	34.00	25	25
67	2	8	34.00	26	26
70	2	8	35.00	27	27
69	2	8	35.00	28	28
72	2	8	36.00	29	29
71	2	8	36.00	30	30
196	2	39	1.00	1	1
195	2	39	1.00	2	2
201	2	39	1.00	3	3
200	2	39	1.00	4	4
80	2	39	1.00	5	5
79	2	39	1.00	6	6
78	2	39	1.00	7	7
77	2	39	1.00	8	8
76	2	39	1.00	9	9
75	2	39	1.00	10	10
74	2	39	1.00	11	11
199	2	39	1.00	12	12
198	2	39	1.00	13	13
197	2	39	1.00	14	14
213	2	39	2.00	15	15
215	2	39	2.00	16	16
242	2	39	2.00	17	17
202	2	39	2.00	18	18
203	2	39	2.00	19	19
204	2	39	2.00	20	20
205	2	39	2.00	21	21
206	2	39	2.00	22	22
207	2	39	2.00	23	23
208	2	39	2.00	24	24
209	2	39	2.00	25	25
210	2	39	2.00	26	26
211	2	39	2.00	27	27
212	2	39	2.00	28	28
214	2	39	2.00	29	29
243	2	39	3.00	30	30
452	3	14	5.00	1	1
453	3	14	6.00	2	2
454	3	14	8.00	3	3
455	3	14	8.00	4	4
456	3	14	9.00	5	5
458	3	14	10.00	6	6
457	3	14	10.00	7	7
460	3	14	11.00	8	8
459	3	14	11.00	9	9
462	3	14	12.00	10	10
461	3	14	12.00	11	11
463	3	14	13.00	12	12
464	3	14	13.00	13	13
466	3	14	14.00	14	14
465	3	14	14.00	15	15
467	3	14	14.00	16	16
469	3	14	15.00	17	17
468	3	14	15.00	18	18
470	3	14	15.00	19	19
473	3	14	16.00	20	20
471	3	14	16.00	21	21
472	3	14	16.00	22	22
305	3	14	17.00	23	23
474	3	14	17.00	24	24
307	3	14	17.00	25	25
306	3	14	17.00	26	26
310	3	14	18.00	27	27
311	3	14	18.00	28	28
308	3	14	18.00	29	29
309	3	14	18.00	30	30
680	4	15	5.00	1	1
681	4	15	6.00	2	2
1453	4	15	8.00	3	3
1452	4	15	8.00	4	4
1454	4	15	9.00	5	5
1456	4	15	10.00	6	6
1455	4	15	10.00	7	7
1458	4	15	11.00	8	8
1457	4	15	11.00	9	9
1459	4	15	12.00	10	10
1460	4	15	12.00	11	11
1461	4	15	13.00	12	12
1462	4	15	13.00	13	13
1464	4	15	14.00	14	14
1463	4	15	14.00	15	15
1465	4	15	14.00	16	16
1468	4	15	15.00	17	17
1466	4	15	15.00	18	18
1467	4	15	15.00	19	19
1470	4	15	16.00	20	20
1469	4	15	16.00	21	21
1471	4	15	16.00	22	22
1475	4	15	17.00	23	23
1473	4	15	17.00	24	24
1472	4	15	17.00	25	25
1474	4	15	17.00	26	26
1478	4	15	18.00	27	27
1477	4	15	18.00	28	28
1476	4	15	18.00	29	29
1479	4	15	18.00	30	30
250	4	39	2.00	1	1
244	4	39	2.00	2	2
245	4	39	2.00	3	3
246	4	39	2.00	4	4
247	4	39	2.00	5	5
248	4	39	2.00	6	6
249	4	39	2.00	7	7
251	4	39	2.00	8	8
252	4	39	2.00	9	9
253	4	39	2.00	10	10
254	4	39	2.00	11	11
255	4	39	2.00	12	12
256	4	39	2.00	13	13
257	4	39	2.00	14	14
258	4	39	3.00	15	15
272	4	39	3.00	16	16
271	4	39	3.00	17	17
270	4	39	3.00	18	18
269	4	39	3.00	19	19
268	4	39	3.00	20	20
267	4	39	3.00	21	21
266	4	39	3.00	22	22
265	4	39	3.00	23	23
264	4	39	3.00	24	24
263	4	39	3.00	25	25
262	4	39	3.00	26	26
261	4	39	3.00	27	27
260	4	39	3.00	28	28
259	4	39	3.00	29	29
273	4	39	4.00	30	30
312	5	10	5.00	1	1
1325	5	10	7.00	2	2
1326	5	10	8.00	3	3
1327	5	10	9.00	4	4
1328	5	10	10.00	5	5
1329	5	10	11.00	6	6
1331	5	10	12.00	7	7
1330	5	10	12.00	8	8
1332	5	10	13.00	9	9
1410	5	10	14.00	10	10
1411	5	10	14.00	11	11
1412	5	10	14.00	12	12
1414	5	10	15.00	13	13
1413	5	10	15.00	14	14
28	5	10	16.00	15	15
29	5	10	16.00	16	16
30	5	10	16.00	17	17
37	5	10	17.00	18	18
33	5	10	17.00	19	19
31	5	10	17.00	20	20
39	5	10	18.00	21	21
38	5	10	18.00	22	22
615	5	10	18.00	23	23
619	5	10	19.00	24	24
618	5	10	19.00	25	25
617	5	10	19.00	26	26
616	5	10	19.00	27	27
620	5	10	20.00	28	28
622	5	10	20.00	29	29
621	5	10	20.00	30	30
283	5	45	1.00	1	1
282	5	45	1.00	2	2
281	5	45	1.00	3	3
280	5	45	1.00	4	4
279	5	45	1.00	5	5
278	5	45	1.00	6	6
277	5	45	1.00	7	7
276	5	45	1.00	8	8
274	5	45	1.00	9	9
287	5	45	1.00	10	10
286	5	45	1.00	11	11
275	5	45	1.00	12	12
285	5	45	1.00	13	13
284	5	45	1.00	14	14
302	5	45	2.00	15	15
301	5	45	2.00	16	16
300	5	45	2.00	17	17
299	5	45	2.00	18	18
298	5	45	2.00	19	19
297	5	45	2.00	20	20
296	5	45	2.00	21	21
295	5	45	2.00	22	22
294	5	45	2.00	23	23
293	5	45	2.00	24	24
292	5	45	2.00	25	25
291	5	45	2.00	26	26
290	5	45	2.00	27	27
289	5	45	2.00	28	28
288	5	45	2.00	29	29
303	5	45	3.00	30	30
32	6	19	300.00	1	1
34	6	19	330.00	2	2
35	6	19	360.00	3	3
36	6	19	390.00	4	4
975	6	19	420.00	5	5
976	6	19	450.00	6	6
977	6	19	480.00	7	7
978	6	19	510.00	8	8
41	6	19	540.00	9	9
42	6	19	570.00	10	10
43	6	19	600.00	11	11
343	6	19	630.00	12	12
344	6	19	660.00	13	13
345	6	19	690.00	14	14
346	6	19	720.00	15	15
347	6	19	750.00	16	16
348	6	19	780.00	17	17
349	6	19	810.00	18	18
350	6	19	840.00	19	19
351	6	19	870.00	20	20
352	6	19	900.00	21	21
353	6	19	930.00	22	22
354	6	19	960.00	23	23
355	6	19	990.00	24	24
356	6	19	1020.00	25	25
357	6	19	1050.00	26	26
358	6	19	1080.00	27	27
359	6	19	1110.00	28	28
360	6	19	1140.00	29	29
361	6	19	1170.00	30	30
1101	6	28	25.00	1	1
1109	6	28	25.00	2	2
1110	6	28	25.00	3	3
1111	6	28	25.00	4	4
1112	6	28	25.00	5	5
1113	6	28	25.00	6	6
1121	6	28	25.00	7	7
1122	6	28	25.00	8	8
1123	6	28	25.00	9	9
1124	6	28	25.00	10	10
1125	6	28	25.00	11	11
1108	6	28	25.00	12	12
1107	6	28	25.00	13	13
1106	6	28	25.00	14	14
1105	6	28	25.00	15	15
1104	6	28	25.00	16	16
1103	6	28	25.00	17	17
1102	6	28	25.00	18	18
1120	6	28	26.00	19	19
1119	6	28	30.00	20	20
1118	6	28	30.00	21	21
1115	6	28	35.00	22	22
1100	6	28	35.00	23	23
1117	6	28	35.00	24	24
1116	6	28	35.00	25	25
1114	6	28	35.00	26	26
1097	6	28	40.00	27	27
1098	6	28	40.00	28	28
1099	6	28	40.00	29	29
1096	6	28	40.00	30	30
719	7	5	5.00	1	1
720	7	5	9.00	2	2
861	7	5	12.00	3	3
862	7	5	15.00	4	4
863	7	5	17.00	5	5
939	7	5	18.00	6	6
940	7	5	19.00	7	7
941	7	5	20.00	8	8
942	7	5	21.00	9	9
1265	7	5	22.00	10	10
1266	7	5	23.00	11	11
1267	7	5	24.00	12	12
1268	7	5	25.00	13	13
1269	7	5	26.00	14	14
1270	7	5	27.00	15	15
1271	7	5	28.00	16	16
1272	7	5	29.00	17	17
1273	7	5	30.00	18	18
1274	7	5	31.00	19	19
1275	7	5	32.00	20	20
1276	7	5	33.00	21	21
1277	7	5	34.00	22	22
1278	7	5	35.00	23	23
1279	7	5	36.00	24	24
1280	7	5	37.00	25	25
1281	7	5	38.00	26	26
1282	7	5	39.00	27	27
1283	7	5	40.00	28	28
1284	7	5	41.00	29	29
1285	7	5	42.00	30	30
1166	7	31	1.00	1	1
1165	7	31	1.00	2	2
1164	7	31	1.00	3	3
1163	7	31	1.00	4	4
1162	7	31	1.00	5	5
1161	7	31	1.00	6	6
1160	7	31	1.00	7	7
1167	7	31	1.00	8	8
1168	7	31	1.00	9	9
1170	7	31	2.00	10	10
1190	7	31	2.00	11	11
1189	7	31	2.00	12	12
1188	7	31	2.00	13	13
1187	7	31	2.00	14	14
1186	7	31	2.00	15	15
1185	7	31	2.00	16	16
1184	7	31	2.00	17	17
1183	7	31	2.00	18	18
1169	7	31	2.00	19	19
1195	7	31	3.00	20	20
1194	7	31	3.00	21	21
1200	7	31	3.00	22	22
1199	7	31	3.00	23	23
1191	7	31	3.00	24	24
1192	7	31	3.00	25	25
1198	7	31	3.00	26	26
1197	7	31	3.00	27	27
1193	7	31	3.00	28	28
1196	7	31	3.00	29	29
1201	7	31	4.00	30	30
1415	8	2	100.00	1	1
1416	8	2	110.00	2	2
1417	8	2	120.00	3	3
1418	8	2	130.00	4	4
1419	8	2	140.00	5	5
1420	8	2	150.00	6	6
1421	8	2	160.00	7	7
1422	8	2	170.00	8	8
1423	8	2	180.00	9	9
1424	8	2	190.00	10	10
1425	8	2	200.00	11	11
1426	8	2	210.00	12	12
1450	8	2	220.00	13	13
401	8	2	230.00	14	14
402	8	2	240.00	15	15
403	8	2	250.00	16	16
404	8	2	260.00	17	17
405	8	2	270.00	18	18
434	8	2	280.00	19	19
435	8	2	290.00	20	20
1174	8	2	300.00	21	21
1175	8	2	310.00	22	22
1176	8	2	320.00	23	23
1177	8	2	330.00	24	24
1178	8	2	340.00	25	25
1179	8	2	350.00	26	26
1180	8	2	360.00	27	27
1181	8	2	370.00	28	28
1182	8	2	380.00	29	29
711	8	2	390.00	30	30
1334	8	27	10.00	1	1
1335	8	27	13.00	2	2
1336	8	27	15.00	3	3
1337	8	27	17.00	4	4
1338	8	27	18.00	5	5
1339	8	27	20.00	6	6
1340	8	27	21.00	7	7
1341	8	27	22.00	8	8
1342	8	27	23.00	9	9
1343	8	27	24.00	10	10
1344	8	27	25.00	11	11
1345	8	27	26.00	12	12
1347	8	27	27.00	13	13
1346	8	27	27.00	14	14
1348	8	27	28.00	15	15
1350	8	27	29.00	16	16
1349	8	27	29.00	17	17
1351	8	27	30.00	18	18
1353	8	27	31.00	19	19
1352	8	27	31.00	20	20
1354	8	27	32.00	21	21
1356	8	27	33.00	22	22
1355	8	27	33.00	23	23
1358	8	27	34.00	24	24
1357	8	27	34.00	25	25
1359	8	27	35.00	26	26
1360	8	27	35.00	27	27
1361	8	27	36.00	28	28
1362	8	27	36.00	29	29
1363	8	27	37.00	30	30
422	9	7	5.00	1	1
423	9	7	6.00	2	2
424	9	7	8.00	3	3
425	9	7	8.00	4	4
426	9	7	9.00	5	5
428	9	7	10.00	6	6
427	9	7	10.00	7	7
430	9	7	11.00	8	8
429	9	7	11.00	9	9
431	9	7	12.00	10	10
432	9	7	12.00	11	11
868	9	7	13.00	12	12
433	9	7	13.00	13	13
870	9	7	14.00	14	14
869	9	7	14.00	15	15
871	9	7	14.00	16	16
873	9	7	15.00	17	17
872	9	7	15.00	18	18
874	9	7	15.00	19	19
875	9	7	16.00	20	20
876	9	7	16.00	21	21
877	9	7	16.00	22	22
880	9	7	17.00	23	23
878	9	7	17.00	24	24
881	9	7	17.00	25	25
879	9	7	17.00	26	26
1228	9	7	18.00	27	27
882	9	7	18.00	28	28
1230	9	7	18.00	29	29
1229	9	7	18.00	30	30
1004	9	49	20.00	1	1
1005	9	49	23.00	2	2
1006	9	49	25.00	3	3
1007	9	49	27.00	4	4
1008	9	49	28.00	5	5
1009	9	49	30.00	6	6
1010	9	49	31.00	7	7
1011	9	49	32.00	8	8
1012	9	49	33.00	9	9
1041	9	49	34.00	10	10
1042	9	49	35.00	11	11
1043	9	49	36.00	12	12
1045	9	49	37.00	13	13
1044	9	49	37.00	14	14
1046	9	49	38.00	15	15
1048	9	49	39.00	16	16
1047	9	49	39.00	17	17
1049	9	49	40.00	18	18
1018	9	49	41.00	19	19
364	9	49	41.00	20	20
1019	9	49	42.00	21	21
1020	9	49	43.00	22	22
1021	9	49	43.00	23	23
1022	9	49	44.00	24	24
1023	9	49	44.00	25	25
1024	9	49	45.00	26	26
1025	9	49	45.00	27	27
1026	9	49	46.00	28	28
1027	9	49	46.00	29	29
1028	9	49	47.00	30	30
924	10	1	1.00	1	1
923	10	1	1.00	2	2
922	10	1	1.00	3	3
926	10	1	1.00	4	4
925	10	1	1.00	5	5
921	10	1	1.00	6	6
927	10	1	1.00	7	7
928	10	1	1.00	8	8
929	10	1	1.00	9	9
369	10	1	2.00	10	10
368	10	1	2.00	11	11
933	10	1	2.00	12	12
367	10	1	2.00	13	13
930	10	1	2.00	14	14
932	10	1	2.00	15	15
366	10	1	2.00	16	16
931	10	1	2.00	17	17
381	10	1	2.00	18	18
380	10	1	2.00	19	19
397	10	1	3.00	20	20
382	10	1	3.00	21	21
383	10	1	3.00	22	22
393	10	1	3.00	23	23
304	10	1	3.00	24	24
394	10	1	3.00	25	25
395	10	1	3.00	26	26
396	10	1	3.00	27	27
398	10	1	3.00	28	28
399	10	1	3.00	29	29
400	10	1	4.00	30	30
1451	10	20	5.00	1	1
864	10	20	6.00	2	2
865	10	20	8.00	3	3
866	10	20	8.00	4	4
686	10	20	9.00	5	5
688	10	20	10.00	6	6
687	10	20	10.00	7	7
689	10	20	11.00	8	8
690	10	20	11.00	9	9
691	10	20	12.00	10	10
692	10	20	12.00	11	11
694	10	20	13.00	12	12
693	10	20	13.00	13	13
696	10	20	14.00	14	14
695	10	20	14.00	15	15
697	10	20	14.00	16	16
699	10	20	15.00	17	17
698	10	20	15.00	18	18
700	10	20	15.00	19	19
702	10	20	16.00	20	20
703	10	20	16.00	21	21
701	10	20	16.00	22	22
706	10	20	17.00	23	23
707	10	20	17.00	24	24
704	10	20	17.00	25	25
705	10	20	17.00	26	26
710	10	20	18.00	27	27
1000	10	20	18.00	28	28
708	10	20	18.00	29	29
709	10	20	18.00	30	30
1231	11	4	5.00	1	1
1232	11	4	6.00	2	2
1234	11	4	8.00	3	3
1233	11	4	8.00	4	4
970	11	4	9.00	5	5
669	11	4	10.00	6	6
974	11	4	10.00	7	7
670	11	4	11.00	8	8
671	11	4	11.00	9	9
672	11	4	12.00	10	10
673	11	4	12.00	11	11
674	11	4	13.00	12	12
559	11	4	13.00	13	13
562	11	4	14.00	14	14
561	11	4	14.00	15	15
560	11	4	14.00	16	16
564	11	4	15.00	17	17
563	11	4	15.00	18	18
565	11	4	15.00	19	19
566	11	4	16.00	20	20
567	11	4	16.00	21	21
568	11	4	16.00	22	22
570	11	4	17.00	23	23
571	11	4	17.00	24	24
572	11	4	17.00	25	25
569	11	4	17.00	26	26
574	11	4	18.00	27	27
576	11	4	18.00	28	28
573	11	4	18.00	29	29
575	11	4	18.00	30	30
339	11	39	1.00	1	1
340	11	39	1.00	2	2
240	11	39	1.00	3	3
233	11	39	1.00	4	4
236	11	39	1.00	5	5
237	11	39	1.00	6	6
238	11	39	1.00	7	7
234	11	39	1.00	8	8
232	11	39	1.00	9	9
239	11	39	1.00	10	10
241	11	39	1.00	11	11
235	11	39	1.00	12	12
337	11	39	1.00	13	13
338	11	39	1.00	14	14
1402	11	39	2.00	15	15
1400	11	39	2.00	16	16
1399	11	39	2.00	17	17
1398	11	39	2.00	18	18
1397	11	39	2.00	19	19
1396	11	39	2.00	20	20
1395	11	39	2.00	21	21
1401	11	39	2.00	22	22
341	11	39	2.00	23	23
1403	11	39	2.00	24	24
1404	11	39	2.00	25	25
1405	11	39	2.00	26	26
1406	11	39	2.00	27	27
1407	11	39	2.00	28	28
1408	11	39	2.00	29	29
1409	11	39	3.00	30	30
580	12	11	3.00	1	1
581	12	11	3.00	2	2
583	12	11	4.00	3	3
582	12	11	4.00	4	4
585	12	11	5.00	5	5
584	12	11	5.00	6	6
587	12	11	5.00	7	7
586	12	11	5.00	8	8
589	12	11	6.00	9	9
591	12	11	6.00	10	10
590	12	11	6.00	11	11
588	12	11	6.00	12	12
595	12	11	7.00	13	13
596	12	11	7.00	14	14
593	12	11	7.00	15	15
592	12	11	7.00	16	16
594	12	11	7.00	17	17
601	12	11	8.00	18	18
597	12	11	8.00	19	19
598	12	11	8.00	20	20
599	12	11	8.00	21	21
600	12	11	8.00	22	22
602	12	11	8.00	23	23
603	12	11	8.00	24	24
604	12	11	9.00	25	25
608	12	11	9.00	26	26
609	12	11	9.00	27	27
607	12	11	9.00	28	28
606	12	11	9.00	29	29
605	12	11	9.00	30	30
1288	12	40	5.00	1	1
1289	12	40	11.00	2	2
1290	12	40	15.00	3	3
1291	12	40	17.00	4	4
1292	12	40	19.00	5	5
1293	12	40	21.00	6	6
1294	12	40	22.00	7	7
1295	12	40	24.00	8	8
1296	12	40	25.00	9	9
1297	12	40	26.00	10	10
1298	12	40	28.00	11	11
1299	12	40	29.00	12	12
1300	12	40	30.00	13	13
1301	12	40	31.00	14	14
1302	12	40	33.00	15	15
1303	12	40	34.00	16	16
1304	12	40	35.00	17	17
1305	12	40	37.00	18	18
1306	12	40	38.00	19	19
1307	12	40	39.00	20	20
1310	12	40	41.00	21	21
1309	12	40	41.00	22	22
1308	12	40	41.00	23	23
1311	12	40	42.00	24	24
1312	12	40	42.00	25	25
1314	12	40	43.00	26	26
1313	12	40	43.00	27	27
1316	12	40	44.00	28	28
1315	12	40	44.00	29	29
1333	12	40	45.00	30	30
1481	13	13	3.00	1	1
1480	13	13	3.00	2	2
1482	13	13	4.00	3	3
1483	13	13	4.00	4	4
1486	13	13	5.00	5	5
1485	13	13	5.00	6	6
1484	13	13	5.00	7	7
682	13	13	5.00	8	8
712	13	13	6.00	9	9
683	13	13	6.00	10	10
684	13	13	6.00	11	11
713	13	13	6.00	12	12
714	13	13	7.00	13	13
718	13	13	7.00	14	14
717	13	13	7.00	15	15
716	13	13	7.00	16	16
715	13	13	7.00	17	17
1429	13	13	8.00	18	18
1428	13	13	8.00	19	19
1427	13	13	8.00	20	20
1433	13	13	8.00	21	21
1432	13	13	8.00	22	22
1431	13	13	8.00	23	23
1430	13	13	8.00	24	24
1449	13	13	9.00	25	25
1434	13	13	9.00	26	26
1445	13	13	9.00	27	27
1446	13	13	9.00	28	28
1447	13	13	9.00	29	29
1448	13	13	9.00	30	30
1393	13	46	25.00	1	1
378	13	46	25.00	2	2
379	13	46	25.00	3	3
1391	13	46	25.00	4	4
1392	13	46	25.00	5	5
1394	13	46	25.00	6	6
1487	13	46	25.00	7	7
1488	13	46	25.00	8	8
1489	13	46	25.00	9	9
1490	13	46	25.00	10	10
1491	13	46	25.00	11	11
1492	13	46	25.00	12	12
1493	13	46	25.00	13	13
1494	13	46	25.00	14	14
1495	13	46	25.00	15	15
1496	13	46	25.00	16	16
1497	13	46	25.00	17	17
1498	13	46	25.00	18	18
377	13	46	26.00	19	19
1444	13	46	30.00	20	20
376	13	46	30.00	21	21
1441	13	46	35.00	22	22
1443	13	46	35.00	23	23
1439	13	46	35.00	24	24
1440	13	46	35.00	25	25
1442	13	46	35.00	26	26
1437	13	46	40.00	27	27
1438	13	46	40.00	28	28
1436	13	46	40.00	29	29
1435	13	46	40.00	30	30
577	14	17	3.00	1	1
578	14	17	3.00	2	2
579	14	17	4.00	3	3
362	14	17	4.00	4	4
365	14	17	5.00	5	5
913	14	17	5.00	6	6
914	14	17	5.00	7	7
363	14	17	5.00	8	8
916	14	17	6.00	9	9
917	14	17	6.00	10	10
918	14	17	6.00	11	11
915	14	17	6.00	12	12
919	14	17	7.00	13	13
920	14	17	7.00	14	14
437	14	17	7.00	15	15
436	14	17	7.00	16	16
438	14	17	7.00	17	17
442	14	17	8.00	18	18
439	14	17	8.00	19	19
440	14	17	8.00	20	20
441	14	17	8.00	21	21
445	14	17	8.00	22	22
444	14	17	8.00	23	23
443	14	17	8.00	24	24
450	14	17	9.00	25	25
449	14	17	9.00	26	26
448	14	17	9.00	27	27
447	14	17	9.00	28	28
446	14	17	9.00	29	29
451	14	17	9.00	30	30
1235	14	43	20.00	1	1
1236	14	43	23.00	2	2
1237	14	43	25.00	3	3
1238	14	43	27.00	4	4
1239	14	43	28.00	5	5
1240	14	43	30.00	6	6
1241	14	43	31.00	7	7
1242	14	43	32.00	8	8
1243	14	43	33.00	9	9
1244	14	43	34.00	10	10
1245	14	43	35.00	11	11
1246	14	43	36.00	12	12
1248	14	43	37.00	13	13
1247	14	43	37.00	14	14
1249	14	43	38.00	15	15
1250	14	43	39.00	16	16
1251	14	43	39.00	17	17
1252	14	43	40.00	18	18
1253	14	43	41.00	19	19
1254	14	43	41.00	20	20
1255	14	43	42.00	21	21
1257	14	43	43.00	22	22
1256	14	43	43.00	23	23
1259	14	43	44.00	24	24
1258	14	43	44.00	25	25
1261	14	43	45.00	26	26
1260	14	43	45.00	27	27
1262	14	43	46.00	28	28
1263	14	43	46.00	29	29
1264	14	43	47.00	30	30
1286	15	6	100.00	1	1
1287	15	6	110.00	2	2
1317	15	6	120.00	3	3
1318	15	6	130.00	4	4
1319	15	6	140.00	5	5
1320	15	6	150.00	6	6
1321	15	6	160.00	7	7
1322	15	6	170.00	8	8
979	15	6	180.00	9	9
980	15	6	190.00	10	10
981	15	6	200.00	11	11
982	15	6	210.00	12	12
983	15	6	220.00	13	13
984	15	6	230.00	14	14
985	15	6	240.00	15	15
986	15	6	250.00	16	16
987	15	6	260.00	17	17
988	15	6	270.00	18	18
989	15	6	280.00	19	19
1202	15	6	290.00	20	20
990	15	6	300.00	21	21
991	15	6	310.00	22	22
992	15	6	320.00	23	23
993	15	6	330.00	24	24
994	15	6	340.00	25	25
995	15	6	350.00	26	26
996	15	6	360.00	27	27
997	15	6	370.00	28	28
998	15	6	380.00	29	29
999	15	6	390.00	30	30
1029	15	21	10.00	1	1
1030	15	21	13.00	2	2
1031	15	21	15.00	3	3
1032	15	21	17.00	4	4
1033	15	21	18.00	5	5
1034	15	21	20.00	6	6
1035	15	21	21.00	7	7
1036	15	21	22.00	8	8
1037	15	21	23.00	9	9
1038	15	21	24.00	10	10
1039	15	21	25.00	11	11
1040	15	21	26.00	12	12
1050	15	21	27.00	13	13
1051	15	21	27.00	14	14
1052	15	21	28.00	15	15
1054	15	21	29.00	16	16
1053	15	21	29.00	17	17
1055	15	21	30.00	18	18
1056	15	21	31.00	19	19
1057	15	21	31.00	20	20
1058	15	21	32.00	21	21
1060	15	21	33.00	22	22
1059	15	21	33.00	23	23
1062	15	21	34.00	24	24
1061	15	21	34.00	25	25
1063	15	21	35.00	26	26
1064	15	21	35.00	27	27
1065	15	21	36.00	28	28
1066	15	21	36.00	29	29
1067	15	21	37.00	30	30
1221	17	12	3.00	1	1
1220	17	12	3.00	2	2
1222	17	12	4.00	3	3
1223	17	12	4.00	4	4
1224	17	12	5.00	5	5
1225	17	12	5.00	6	6
1227	17	12	5.00	7	7
1226	17	12	5.00	8	8
554	17	12	6.00	9	9
555	17	12	6.00	10	10
556	17	12	6.00	11	11
475	17	12	6.00	12	12
406	17	12	7.00	13	13
557	17	12	7.00	14	14
558	17	12	7.00	15	15
408	17	12	7.00	16	16
407	17	12	7.00	17	17
412	17	12	8.00	18	18
413	17	12	8.00	19	19
414	17	12	8.00	20	20
415	17	12	8.00	21	21
409	17	12	8.00	22	22
410	17	12	8.00	23	23
411	17	12	8.00	24	24
417	17	12	9.00	25	25
416	17	12	9.00	26	26
418	17	12	9.00	27	27
419	17	12	9.00	28	28
420	17	12	9.00	29	29
421	17	12	9.00	30	30
943	17	32	20.00	1	1
944	17	32	23.00	2	2
945	17	32	25.00	3	3
946	17	32	27.00	4	4
947	17	32	28.00	5	5
948	17	32	30.00	6	6
949	17	32	31.00	7	7
950	17	32	32.00	8	8
951	17	32	33.00	9	9
952	17	32	34.00	10	10
953	17	32	35.00	11	11
954	17	32	36.00	12	12
955	17	32	37.00	13	13
956	17	32	37.00	14	14
957	17	32	38.00	15	15
958	17	32	39.00	16	16
959	17	32	39.00	17	17
960	17	32	40.00	18	18
962	17	32	41.00	19	19
961	17	32	41.00	20	20
963	17	32	42.00	21	21
964	17	32	43.00	22	22
965	17	32	43.00	23	23
966	17	32	44.00	24	24
967	17	32	44.00	25	25
968	17	32	45.00	26	26
969	17	32	45.00	27	27
971	17	32	46.00	28	28
972	17	32	46.00	29	29
973	17	32	47.00	30	30
1	18	24	5.00	1	1
2	18	24	7.00	2	2
4	18	24	8.00	3	3
3	18	24	8.00	4	4
5	18	24	9.00	5	5
7	18	24	10.00	6	6
6	18	24	10.00	7	7
8	18	24	11.00	8	8
11	18	24	12.00	9	9
10	18	24	12.00	10	10
9	18	24	12.00	11	11
13	18	24	13.00	12	12
12	18	24	13.00	13	13
14	18	24	14.00	14	14
16	18	24	14.00	15	15
15	18	24	14.00	16	16
493	18	24	15.00	17	17
17	18	24	15.00	18	18
492	18	24	15.00	19	19
495	18	24	16.00	20	20
496	18	24	16.00	21	21
494	18	24	16.00	22	22
497	18	24	17.00	23	23
500	18	24	17.00	24	24
498	18	24	17.00	25	25
499	18	24	17.00	26	26
503	18	24	18.00	27	27
502	18	24	18.00	28	28
501	18	24	18.00	29	29
504	18	24	18.00	30	30
1126	18	42	10.00	1	1
1127	18	42	13.00	2	2
1128	18	42	15.00	3	3
1129	18	42	17.00	4	4
1130	18	42	18.00	5	5
1131	18	42	20.00	6	6
1132	18	42	21.00	7	7
1133	18	42	22.00	8	8
1134	18	42	23.00	9	9
1135	18	42	24.00	10	10
1136	18	42	25.00	11	11
1137	18	42	26.00	12	12
1138	18	42	27.00	13	13
1139	18	42	27.00	14	14
1140	18	42	28.00	15	15
1141	18	42	29.00	16	16
1142	18	42	29.00	17	17
1143	18	42	30.00	18	18
1145	18	42	31.00	19	19
1144	18	42	31.00	20	20
1146	18	42	32.00	21	21
1147	18	42	33.00	22	22
1148	18	42	33.00	23	23
1150	18	42	34.00	24	24
1149	18	42	34.00	25	25
1151	18	42	35.00	26	26
1152	18	42	35.00	27	27
797	18	42	36.00	28	28
1153	18	42	36.00	29	29
1154	18	42	37.00	30	30
610	19	3	25.00	1	1
611	19	3	35.00	2	2
612	19	3	43.00	3	3
613	19	3	49.00	4	4
614	19	3	54.00	5	5
660	19	3	59.00	6	6
661	19	3	64.00	7	7
662	19	3	68.00	8	8
1068	19	3	72.00	9	9
1069	19	3	75.00	10	10
1070	19	3	79.00	11	11
1071	19	3	82.00	12	12
1072	19	3	85.00	13	13
1073	19	3	88.00	14	14
1074	19	3	91.00	15	15
867	19	3	94.00	16	16
934	19	3	96.00	17	17
935	19	3	99.00	18	18
936	19	3	101.00	19	19
937	19	3	104.00	20	20
663	19	3	106.00	21	21
664	19	3	108.00	22	22
665	19	3	111.00	23	23
666	19	3	113.00	24	24
667	19	3	115.00	25	25
675	19	3	117.00	26	26
676	19	3	119.00	27	27
677	19	3	121.00	28	28
678	19	3	123.00	29	29
679	19	3	125.00	30	30
1364	19	44	5.00	1	1
1365	19	44	11.00	2	2
1366	19	44	15.00	3	3
1367	19	44	17.00	4	4
1368	19	44	19.00	5	5
1369	19	44	21.00	6	6
1370	19	44	22.00	7	7
1371	19	44	24.00	8	8
1372	19	44	25.00	9	9
1373	19	44	26.00	10	10
1374	19	44	28.00	11	11
1375	19	44	29.00	12	12
1376	19	44	30.00	13	13
1377	19	44	31.00	14	14
1378	19	44	33.00	15	15
1379	19	44	34.00	16	16
1380	19	44	35.00	17	17
1381	19	44	37.00	18	18
1382	19	44	38.00	19	19
1383	19	44	39.00	20	20
1384	19	44	41.00	21	21
1386	19	44	41.00	22	22
1385	19	44	41.00	23	23
1388	19	44	42.00	24	24
1387	19	44	42.00	25	25
1499	19	44	43.00	26	26
115	19	44	43.00	27	27
1389	19	44	44.00	28	28
1500	19	44	44.00	29	29
1390	19	44	45.00	30	30
523	20	37	10.00	1	1
524	20	37	12.00	2	2
525	20	37	13.00	3	3
526	20	37	15.00	4	4
527	20	37	20.00	5	5
528	20	37	20.00	6	6
529	20	37	21.00	7	7
530	20	37	22.00	8	8
531	20	37	23.00	9	9
532	20	37	23.00	10	10
534	20	37	24.00	11	11
533	20	37	24.00	12	12
535	20	37	25.00	13	13
536	20	37	25.00	14	14
537	20	37	30.00	15	15
539	20	37	30.00	16	16
538	20	37	30.00	17	17
18	20	37	31.00	18	18
19	20	37	31.00	19	19
21	20	37	32.00	20	20
20	20	37	32.00	21	21
22	20	37	32.00	22	22
23	20	37	33.00	23	23
24	20	37	33.00	24	24
25	20	37	33.00	25	25
26	20	37	34.00	26	26
81	20	37	34.00	27	27
27	20	37	34.00	28	28
82	20	37	35.00	29	29
83	20	37	40.00	30	30
784	20	41	15.00	1	1
785	20	41	16.00	2	2
786	20	41	17.00	3	3
787	20	41	18.00	4	4
788	20	41	20.00	5	5
789	20	41	21.00	6	6
790	20	41	22.00	7	7
791	20	41	23.00	8	8
792	20	41	24.00	9	9
793	20	41	25.00	10	10
794	20	41	26.00	11	11
795	20	41	27.00	12	12
796	20	41	28.00	13	13
506	20	41	29.00	14	14
507	20	41	32.00	15	15
508	20	41	33.00	16	16
509	20	41	34.00	17	17
510	20	41	35.00	18	18
511	20	41	36.00	19	19
512	20	41	37.00	20	20
513	20	41	38.00	21	21
514	20	41	39.00	22	22
515	20	41	40.00	23	23
516	20	41	41.00	24	24
517	20	41	42.00	25	25
518	20	41	43.00	26	26
519	20	41	44.00	27	27
520	20	41	45.00	28	28
521	20	41	46.00	29	29
522	20	41	52.00	30	30
801	21	35	40.00	1	1
802	21	35	60.00	2	2
803	21	35	77.00	3	3
804	21	35	91.00	4	4
805	21	35	104.00	5	5
806	21	35	116.00	6	6
807	21	35	127.00	7	7
808	21	35	137.00	8	8
809	21	35	147.00	9	9
810	21	35	157.00	10	10
811	21	35	166.00	11	11
812	21	35	174.00	12	12
813	21	35	183.00	13	13
814	21	35	191.00	14	14
815	21	35	199.00	15	15
816	21	35	207.00	16	16
817	21	35	214.00	17	17
818	21	35	222.00	18	18
819	21	35	229.00	19	19
820	21	35	236.00	20	20
821	21	35	243.00	21	21
822	21	35	250.00	22	22
823	21	35	256.00	23	23
824	21	35	263.00	24	24
825	21	35	269.00	25	25
826	21	35	276.00	26	26
827	21	35	282.00	27	27
828	21	35	288.00	28	28
829	21	35	294.00	29	29
830	21	35	300.00	30	30
320	21	39	1.00	1	1
313	21	39	1.00	2	2
314	21	39	1.00	3	3
315	21	39	1.00	4	4
316	21	39	1.00	5	5
317	21	39	1.00	6	6
318	21	39	1.00	7	7
321	21	39	1.00	8	8
319	21	39	1.00	9	9
326	21	39	2.00	10	10
751	21	39	2.00	11	11
328	21	39	2.00	12	12
329	21	39	2.00	13	13
330	21	39	2.00	14	14
327	21	39	2.00	15	15
322	21	39	2.00	16	16
323	21	39	2.00	17	17
324	21	39	2.00	18	18
325	21	39	2.00	19	19
752	21	39	3.00	20	20
758	21	39	3.00	21	21
759	21	39	3.00	22	22
760	21	39	3.00	23	23
753	21	39	3.00	24	24
761	21	39	3.00	25	25
757	21	39	3.00	26	26
754	21	39	3.00	27	27
755	21	39	3.00	28	28
756	21	39	3.00	29	29
762	21	39	4.00	30	30
832	22	34	20.00	1	1
834	22	34	20.00	2	2
831	22	34	20.00	3	3
833	22	34	20.00	4	4
837	22	34	25.00	5	5
835	22	34	25.00	6	6
836	22	34	25.00	7	7
838	22	34	25.00	8	8
839	22	34	25.00	9	9
840	22	34	30.00	10	10
841	22	34	30.00	11	11
842	22	34	30.00	12	12
843	22	34	30.00	13	13
844	22	34	30.00	14	14
845	22	34	35.00	15	15
849	22	34	35.00	16	16
848	22	34	35.00	17	17
847	22	34	35.00	18	18
846	22	34	35.00	19	19
851	22	34	40.00	20	20
852	22	34	40.00	21	21
853	22	34	40.00	22	22
854	22	34	40.00	23	23
850	22	34	40.00	24	24
859	22	34	45.00	25	25
858	22	34	45.00	26	26
857	22	34	45.00	27	27
856	22	34	45.00	28	28
855	22	34	45.00	29	29
860	22	34	50.00	30	30
763	22	47	10.00	1	1
764	22	47	13.00	2	2
765	22	47	15.00	3	3
766	22	47	17.00	4	4
767	22	47	18.00	5	5
768	22	47	20.00	6	6
769	22	47	21.00	7	7
770	22	47	22.00	8	8
771	22	47	23.00	9	9
772	22	47	24.00	10	10
773	22	47	25.00	11	11
774	22	47	26.00	12	12
776	22	47	27.00	13	13
775	22	47	27.00	14	14
777	22	47	28.00	15	15
778	22	47	29.00	16	16
779	22	47	29.00	17	17
780	22	47	30.00	18	18
782	22	47	31.00	19	19
781	22	47	31.00	20	20
783	22	47	32.00	21	21
385	22	47	33.00	22	22
384	22	47	33.00	23	23
387	22	47	34.00	24	24
386	22	47	34.00	25	25
388	22	47	35.00	26	26
389	22	47	35.00	27	27
391	22	47	36.00	28	28
390	22	47	36.00	29	29
392	22	47	37.00	30	30
1323	23	20	5.00	1	1
1002	23	20	6.00	2	2
1003	23	20	6.00	3	3
1001	23	20	6.00	4	4
1013	23	20	7.00	5	5
1015	23	20	7.00	6	6
1016	23	20	7.00	7	7
1014	23	20	7.00	8	8
1094	23	20	8.00	9	9
1095	23	20	8.00	10	10
1203	23	20	8.00	11	11
1324	23	20	8.00	12	12
1017	23	20	8.00	13	13
685	23	20	8.00	14	14
1210	23	20	9.00	15	15
1208	23	20	9.00	16	16
1204	23	20	9.00	17	17
1209	23	20	9.00	18	18
1207	23	20	9.00	19	19
1206	23	20	9.00	20	20
1205	23	20	9.00	21	21
1211	23	20	9.00	22	22
1216	23	20	10.00	23	23
1215	23	20	10.00	24	24
1219	23	20	10.00	25	25
1214	23	20	10.00	26	26
1213	23	20	10.00	27	27
1212	23	20	10.00	28	28
1217	23	20	10.00	29	29
1218	23	20	10.00	30	30
883	23	36	20.00	1	1
884	23	36	23.00	2	2
885	23	36	25.00	3	3
886	23	36	27.00	4	4
887	23	36	28.00	5	5
888	23	36	30.00	6	6
889	23	36	31.00	7	7
890	23	36	32.00	8	8
891	23	36	33.00	9	9
892	23	36	34.00	10	10
893	23	36	35.00	11	11
894	23	36	36.00	12	12
896	23	36	37.00	13	13
895	23	36	37.00	14	14
897	23	36	38.00	15	15
899	23	36	39.00	16	16
898	23	36	39.00	17	17
900	23	36	40.00	18	18
902	23	36	41.00	19	19
901	23	36	41.00	20	20
903	23	36	42.00	21	21
904	23	36	43.00	22	22
905	23	36	43.00	23	23
906	23	36	44.00	24	24
907	23	36	44.00	25	25
908	23	36	45.00	26	26
909	23	36	45.00	27	27
911	23	36	46.00	28	28
910	23	36	46.00	29	29
912	23	36	47.00	30	30
342	24	23	3.00	1	1
370	24	23	3.00	2	2
371	24	23	4.00	3	3
372	24	23	4.00	4	4
374	24	23	5.00	5	5
375	24	23	5.00	6	6
84	24	23	5.00	7	7
373	24	23	5.00	8	8
85	24	23	6.00	9	9
86	24	23	6.00	10	10
87	24	23	6.00	11	11
88	24	23	6.00	12	12
91	24	23	7.00	13	13
93	24	23	7.00	14	14
92	24	23	7.00	15	15
90	24	23	7.00	16	16
89	24	23	7.00	17	17
96	24	23	8.00	18	18
100	24	23	8.00	19	19
99	24	23	8.00	20	20
94	24	23	8.00	21	21
98	24	23	8.00	22	22
97	24	23	8.00	23	23
95	24	23	8.00	24	24
101	24	23	9.00	25	25
102	24	23	9.00	26	26
103	24	23	9.00	27	27
104	24	23	9.00	28	28
105	24	23	9.00	29	29
106	24	23	9.00	30	30
107	24	29	10.00	1	1
108	24	29	14.00	2	2
109	24	29	17.00	3	3
110	24	29	19.00	4	4
111	24	29	25.00	5	5
112	24	29	27.00	6	6
113	24	29	28.00	7	7
114	24	29	30.00	8	8
116	24	29	31.00	9	9
117	24	29	35.00	10	10
118	24	29	36.00	11	11
119	24	29	37.00	12	12
120	24	29	39.00	13	13
121	24	29	40.00	14	14
122	24	29	45.00	15	15
123	24	29	46.00	16	16
124	24	29	47.00	17	17
125	24	29	48.00	18	18
126	24	29	49.00	19	19
127	24	29	55.00	20	20
128	24	29	56.00	21	21
129	24	29	57.00	22	22
130	24	29	57.00	23	23
131	24	29	58.00	24	24
132	24	29	65.00	25	25
134	24	29	66.00	26	26
133	24	29	66.00	27	27
135	24	29	67.00	28	28
136	24	29	68.00	29	29
137	24	29	75.00	30	30
231	25	33	1.00	1	1
336	25	33	1.00	2	2
335	25	33	1.00	3	3
334	25	33	1.00	4	4
333	25	33	1.00	5	5
332	25	33	1.00	6	6
331	25	33	1.00	7	7
659	25	33	1.00	8	8
658	25	33	1.00	9	9
657	25	33	1.00	10	10
656	25	33	1.00	11	11
655	25	33	1.00	12	12
654	25	33	1.00	13	13
653	25	33	1.00	14	14
230	25	33	1.00	15	15
229	25	33	1.00	16	16
228	25	33	1.00	17	17
227	25	33	1.00	18	18
226	25	33	1.00	19	19
225	25	33	1.00	20	20
224	25	33	1.00	21	21
223	25	33	1.00	22	22
222	25	33	1.00	23	23
221	25	33	1.00	24	24
220	25	33	1.00	25	25
219	25	33	1.00	26	26
218	25	33	1.00	27	27
217	25	33	1.00	28	28
216	25	33	1.00	29	29
505	25	33	1.00	30	30
623	25	38	250.00	1	1
624	25	38	270.00	2	2
625	25	38	290.00	3	3
626	25	38	310.00	4	4
627	25	38	330.00	5	5
628	25	38	350.00	6	6
629	25	38	370.00	7	7
630	25	38	390.00	8	8
631	25	38	410.00	9	9
632	25	38	430.00	10	10
633	25	38	450.00	11	11
634	25	38	470.00	12	12
635	25	38	490.00	13	13
636	25	38	510.00	14	14
637	25	38	530.00	15	15
638	25	38	550.00	16	16
639	25	38	570.00	17	17
640	25	38	590.00	18	18
641	25	38	610.00	19	19
642	25	38	630.00	20	20
643	25	38	650.00	21	21
644	25	38	670.00	22	22
645	25	38	690.00	23	23
646	25	38	710.00	24	24
647	25	38	730.00	25	25
648	25	38	750.00	26	26
649	25	38	770.00	27	27
650	25	38	790.00	28	28
651	25	38	810.00	29	29
652	25	38	830.00	30	30
168	26	30	5.00	1	1
169	26	30	11.00	2	2
170	26	30	15.00	3	3
171	26	30	17.00	4	4
172	26	30	19.00	5	5
173	26	30	21.00	6	6
174	26	30	22.00	7	7
175	26	30	24.00	8	8
176	26	30	25.00	9	9
177	26	30	26.00	10	10
178	26	30	28.00	11	11
179	26	30	29.00	12	12
180	26	30	30.00	13	13
181	26	30	31.00	14	14
182	26	30	33.00	15	15
183	26	30	34.00	16	16
184	26	30	35.00	17	17
185	26	30	37.00	18	18
186	26	30	38.00	19	19
187	26	30	39.00	20	20
190	26	30	41.00	21	21
189	26	30	41.00	22	22
188	26	30	41.00	23	23
192	26	30	42.00	24	24
191	26	30	42.00	25	25
194	26	30	43.00	26	26
193	26	30	43.00	27	27
798	26	30	44.00	28	28
799	26	30	44.00	29	29
800	26	30	45.00	30	30
138	26	48	30.00	1	1
139	26	48	44.00	2	2
140	26	48	55.00	3	3
141	26	48	65.00	4	4
142	26	48	74.00	5	5
143	26	48	82.00	6	6
144	26	48	89.00	7	7
145	26	48	96.00	8	8
146	26	48	102.00	9	9
147	26	48	108.00	10	10
148	26	48	114.00	11	11
149	26	48	120.00	12	12
150	26	48	126.00	13	13
151	26	48	131.00	14	14
152	26	48	136.00	15	15
153	26	48	141.00	16	16
154	26	48	146.00	17	17
155	26	48	150.00	18	18
156	26	48	155.00	19	19
157	26	48	160.00	20	20
158	26	48	164.00	21	21
159	26	48	168.00	22	22
160	26	48	173.00	23	23
161	26	48	177.00	24	24
162	26	48	181.00	25	25
163	26	48	185.00	26	26
164	26	48	189.00	27	27
165	26	48	193.00	28	28
166	26	48	196.00	29	29
167	26	48	200.00	30	30
477	\N	26	200.00	1	1
479	\N	26	200.00	2	2
476	\N	26	200.00	3	3
478	\N	26	200.00	4	4
482	\N	26	240.00	5	5
484	\N	26	240.00	6	6
480	\N	26	240.00	7	7
481	\N	26	240.00	8	8
483	\N	26	240.00	9	9
486	\N	26	280.00	10	10
489	\N	26	280.00	11	11
488	\N	26	280.00	12	12
487	\N	26	280.00	13	13
485	\N	26	280.00	14	14
540	\N	26	320.00	15	15
491	\N	26	320.00	16	16
490	\N	26	320.00	17	17
542	\N	26	320.00	18	18
541	\N	26	320.00	19	19
544	\N	26	360.00	20	20
543	\N	26	360.00	21	21
547	\N	26	360.00	22	22
546	\N	26	360.00	23	23
545	\N	26	360.00	24	24
550	\N	26	400.00	25	25
548	\N	26	400.00	26	26
549	\N	26	400.00	27	27
552	\N	26	400.00	28	28
551	\N	26	400.00	29	29
553	\N	26	440.00	30	30
\.


--
-- Data for Name: user_bonus_preferences; Type: TABLE DATA; Schema: public; Owner: postgres
--

COPY public.user_bonus_preferences (id, preference_name, bonus_type_id, preference_value, user_id) FROM stdin;
1	production 	1	2.0	1
2	production 	2	1.0	1
3	production 	6	1.0	1
4	production 	8	7.0	1
5	production 	9	8.0	1
6	production 	12	0.0	1
7	production 	18	2.0	1
8	production 	19	2.0	1
9	production 	20	2.0	1
10	production 	7	1.0	1
11	production 	15	1.0	1
12	production 	11	1.0	1
13	production 	17	1.0	1
14	production 	4	1.0	1
15	production 	13	1.0	1
16	production 	14	1.0	1
17	production 	3	1.0	1
18	production 	10	4.0	1
19	production 	5	6.0	1
20	production 	21	0.0	1
21	production 	23	1.0	1
22	production 	24	1.0	1
23	production 	25	2.0	1
24	production 	26	6.0	1
25	production 	27	0.0	1
26	production 	28	3.0	1
27	production 	29	6.0	1
28	production 	30	1.0	1
29	production 	31	4.0	1
30	production 	32	1.0	1
31	production 	33	3.0	1
32	production 	34	2.0	1
33	production 	35	1.0	1
34	production 	36	1.0	1
35	production 	37	6.0	1
36	production 	38	1.0	1
37	production 	39	4.0	1
38	production 	40	1.0	1
39	production 	41	4.0	1
40	production 	42	0.0	1
41	production 	43	1.0	1
42	production 	44	1.0	1
43	production 	45	5.0	1
44	production 	46	3.0	1
45	production 	47	2.0	1
46	production 	48	1.0	1
47	production 	49	1.0	1
\.


--
-- Data for Name: user_wonders; Type: TABLE DATA; Schema: public; Owner: postgres
--

COPY public.user_wonders (id, wonder_id, user_id, level) FROM stdin;
2	24	1	16
3	26	1	7
5	22	1	14
7	17	1	6
8	9	1	19
9	15	1	5
10	6	1	11
11	18	1	4
12	7	1	22
13	2	1	15
14	11	1	19
15	14	1	12
17	12	1	22
18	8	1	6
19	19	1	4
20	4	1	27
21	13	1	6
22	16	1	21
23	1	1	11
24	20	1	24
25	5	1	26
1	25	1	4
16	3	1	26
26	10	1	21
4	21	1	22
6	23	1	26
\.


--
-- Data for Name: users; Type: TABLE DATA; Schema: public; Owner: postgres
--

COPY public.users (id, name, user_name) FROM stdin;
1	Ronald Hensbergen	ronald
\.


--
-- Data for Name: wonder_level_stats; Type: TABLE DATA; Schema: public; Owner: postgres
--

COPY public.wonder_level_stats (id, wonder_id, bonus_type_id, stat_value, level) FROM stdin;
1076	1	1	1.00	1
1077	1	1	1.00	2
1082	1	1	1.00	4
1081	1	1	1.00	5
1080	1	1	1.00	6
1079	1	1	1.00	7
1078	1	1	1.00	8
1075	1	1	1.00	9
1085	1	1	2.00	10
1084	1	1	2.00	11
1083	1	1	2.00	12
1088	1	1	2.00	13
1089	1	1	2.00	14
1090	1	1	2.00	15
1087	1	1	2.00	16
1091	1	1	2.00	17
1092	1	1	2.00	18
1086	1	1	2.00	19
938	1	1	3.00	20
1155	1	1	3.00	21
1156	1	1	3.00	22
1157	1	1	3.00	23
1158	1	1	3.00	24
1159	1	1	3.00	25
1171	1	1	3.00	26
1172	1	1	3.00	27
1173	1	1	3.00	28
1093	1	1	3.00	29
668	1	1	4.00	30
721	1	25	10.00	1
722	1	25	13.00	2
723	1	25	15.00	3
724	1	25	17.00	4
725	1	25	18.00	5
726	1	25	20.00	6
727	1	25	21.00	7
728	1	25	22.00	8
729	1	25	23.00	9
730	1	25	24.00	10
731	1	25	25.00	11
732	1	25	26.00	12
733	1	25	27.00	13
734	1	25	27.00	14
735	1	25	28.00	15
737	1	25	29.00	16
736	1	25	29.00	17
738	1	25	30.00	18
739	1	25	31.00	19
740	1	25	31.00	20
741	1	25	32.00	21
743	1	25	33.00	22
742	1	25	33.00	23
745	1	25	34.00	24
744	1	25	34.00	25
747	1	25	35.00	26
746	1	25	35.00	27
748	1	25	36.00	28
749	1	25	36.00	29
750	1	25	37.00	30
196	2	39	1.00	1
195	2	39	1.00	2
201	2	39	1.00	3
200	2	39	1.00	4
199	2	39	1.00	12
198	2	39	1.00	13
197	2	39	1.00	14
213	2	39	2.00	15
215	2	39	2.00	16
242	2	39	2.00	17
202	2	39	2.00	18
203	2	39	2.00	19
40	1	1	1.00	3
80	2	39	1.00	5
79	2	39	1.00	6
78	2	39	1.00	7
77	2	39	1.00	8
76	2	39	1.00	9
75	2	39	1.00	10
74	2	39	1.00	11
204	2	39	2.00	20
205	2	39	2.00	21
206	2	39	2.00	22
207	2	39	2.00	23
208	2	39	2.00	24
209	2	39	2.00	25
210	2	39	2.00	26
211	2	39	2.00	27
212	2	39	2.00	28
214	2	39	2.00	29
243	2	39	3.00	30
452	3	14	5.00	1
453	3	14	6.00	2
454	3	14	8.00	3
455	3	14	8.00	4
456	3	14	9.00	5
458	3	14	10.00	6
457	3	14	10.00	7
460	3	14	11.00	8
459	3	14	11.00	9
462	3	14	12.00	10
461	3	14	12.00	11
463	3	14	13.00	12
464	3	14	13.00	13
466	3	14	14.00	14
465	3	14	14.00	15
467	3	14	14.00	16
469	3	14	15.00	17
468	3	14	15.00	18
470	3	14	15.00	19
473	3	14	16.00	20
471	3	14	16.00	21
472	3	14	16.00	22
305	3	14	17.00	23
474	3	14	17.00	24
307	3	14	17.00	25
306	3	14	17.00	26
310	3	14	18.00	27
311	3	14	18.00	28
308	3	14	18.00	29
309	3	14	18.00	30
680	4	15	5.00	1
681	4	15	6.00	2
1453	4	15	8.00	3
1452	4	15	8.00	4
1454	4	15	9.00	5
1456	4	15	10.00	6
1455	4	15	10.00	7
1458	4	15	11.00	8
1457	4	15	11.00	9
1459	4	15	12.00	10
1460	4	15	12.00	11
1461	4	15	13.00	12
1462	4	15	13.00	13
1464	4	15	14.00	14
1463	4	15	14.00	15
1465	4	15	14.00	16
1468	4	15	15.00	17
1466	4	15	15.00	18
1467	4	15	15.00	19
1470	4	15	16.00	20
1469	4	15	16.00	21
1471	4	15	16.00	22
1475	4	15	17.00	23
1473	4	15	17.00	24
1472	4	15	17.00	25
1474	4	15	17.00	26
1478	4	15	18.00	27
1477	4	15	18.00	28
1476	4	15	18.00	29
1479	4	15	18.00	30
250	4	39	2.00	1
244	4	39	2.00	2
245	4	39	2.00	3
246	4	39	2.00	4
247	4	39	2.00	5
248	4	39	2.00	6
249	4	39	2.00	7
251	4	39	2.00	8
252	4	39	2.00	9
253	4	39	2.00	10
254	4	39	2.00	11
255	4	39	2.00	12
256	4	39	2.00	13
257	4	39	2.00	14
258	4	39	3.00	15
272	4	39	3.00	16
271	4	39	3.00	17
270	4	39	3.00	18
269	4	39	3.00	19
268	4	39	3.00	20
267	4	39	3.00	21
266	4	39	3.00	22
265	4	39	3.00	23
264	4	39	3.00	24
263	4	39	3.00	25
262	4	39	3.00	26
261	4	39	3.00	27
260	4	39	3.00	28
259	4	39	3.00	29
273	4	39	4.00	30
312	5	10	5.00	1
1325	5	10	7.00	2
1326	5	10	8.00	3
1327	5	10	9.00	4
1328	5	10	10.00	5
1329	5	10	11.00	6
1331	5	10	12.00	7
1330	5	10	12.00	8
1332	5	10	13.00	9
1410	5	10	14.00	10
1411	5	10	14.00	11
1412	5	10	14.00	12
1414	5	10	15.00	13
1413	5	10	15.00	14
28	5	10	16.00	15
29	5	10	16.00	16
30	5	10	16.00	17
37	5	10	17.00	18
33	5	10	17.00	19
31	5	10	17.00	20
39	5	10	18.00	21
38	5	10	18.00	22
615	5	10	18.00	23
619	5	10	19.00	24
618	5	10	19.00	25
617	5	10	19.00	26
616	5	10	19.00	27
620	5	10	20.00	28
622	5	10	20.00	29
621	5	10	20.00	30
283	5	45	1.00	1
282	5	45	1.00	2
281	5	45	1.00	3
280	5	45	1.00	4
279	5	45	1.00	5
278	5	45	1.00	6
277	5	45	1.00	7
276	5	45	1.00	8
274	5	45	1.00	9
287	5	45	1.00	10
286	5	45	1.00	11
275	5	45	1.00	12
285	5	45	1.00	13
284	5	45	1.00	14
302	5	45	2.00	15
301	5	45	2.00	16
300	5	45	2.00	17
299	5	45	2.00	18
298	5	45	2.00	19
297	5	45	2.00	20
296	5	45	2.00	21
295	5	45	2.00	22
294	5	45	2.00	23
293	5	45	2.00	24
292	5	45	2.00	25
291	5	45	2.00	26
290	5	45	2.00	27
289	5	45	2.00	28
288	5	45	2.00	29
303	5	45	3.00	30
32	6	19	300.00	1
34	6	19	330.00	2
35	6	19	360.00	3
36	6	19	390.00	4
975	6	19	420.00	5
976	6	19	450.00	6
977	6	19	480.00	7
978	6	19	510.00	8
41	6	19	540.00	9
42	6	19	570.00	10
43	6	19	600.00	11
343	6	19	630.00	12
344	6	19	660.00	13
345	6	19	690.00	14
346	6	19	720.00	15
347	6	19	750.00	16
348	6	19	780.00	17
349	6	19	810.00	18
350	6	19	840.00	19
351	6	19	870.00	20
352	6	19	900.00	21
353	6	19	930.00	22
354	6	19	960.00	23
355	6	19	990.00	24
356	6	19	1020.00	25
357	6	19	1050.00	26
358	6	19	1080.00	27
359	6	19	1110.00	28
360	6	19	1140.00	29
361	6	19	1170.00	30
1101	6	28	25.00	1
1109	6	28	25.00	2
1110	6	28	25.00	3
1111	6	28	25.00	4
1112	6	28	25.00	5
1113	6	28	25.00	6
1121	6	28	25.00	7
1122	6	28	25.00	8
1123	6	28	25.00	9
1124	6	28	25.00	10
1125	6	28	25.00	11
1108	6	28	25.00	12
1107	6	28	25.00	13
1106	6	28	25.00	14
1105	6	28	25.00	15
1104	6	28	25.00	16
1103	6	28	25.00	17
1102	6	28	25.00	18
1120	6	28	26.00	19
1119	6	28	30.00	20
1118	6	28	30.00	21
1115	6	28	35.00	22
1100	6	28	35.00	23
1117	6	28	35.00	24
1116	6	28	35.00	25
1114	6	28	35.00	26
1097	6	28	40.00	27
1098	6	28	40.00	28
1099	6	28	40.00	29
1096	6	28	40.00	30
719	7	5	5.00	1
720	7	5	9.00	2
861	7	5	12.00	3
862	7	5	15.00	4
863	7	5	17.00	5
939	7	5	18.00	6
940	7	5	19.00	7
941	7	5	20.00	8
942	7	5	21.00	9
1265	7	5	22.00	10
1266	7	5	23.00	11
1267	7	5	24.00	12
1268	7	5	25.00	13
1269	7	5	26.00	14
1270	7	5	27.00	15
1271	7	5	28.00	16
1272	7	5	29.00	17
1273	7	5	30.00	18
1274	7	5	31.00	19
1275	7	5	32.00	20
1276	7	5	33.00	21
1277	7	5	34.00	22
1278	7	5	35.00	23
1279	7	5	36.00	24
1280	7	5	37.00	25
1281	7	5	38.00	26
1282	7	5	39.00	27
1283	7	5	40.00	28
1284	7	5	41.00	29
1285	7	5	42.00	30
1166	7	31	1.00	1
1165	7	31	1.00	2
1164	7	31	1.00	3
1163	7	31	1.00	4
1162	7	31	1.00	5
1161	7	31	1.00	6
1160	7	31	1.00	7
1167	7	31	1.00	8
1168	7	31	1.00	9
1170	7	31	2.00	10
1190	7	31	2.00	11
1189	7	31	2.00	12
1188	7	31	2.00	13
1187	7	31	2.00	14
1186	7	31	2.00	15
1185	7	31	2.00	16
1184	7	31	2.00	17
1183	7	31	2.00	18
1169	7	31	2.00	19
1195	7	31	3.00	20
1194	7	31	3.00	21
1200	7	31	3.00	22
1199	7	31	3.00	23
1191	7	31	3.00	24
1192	7	31	3.00	25
1198	7	31	3.00	26
1197	7	31	3.00	27
1193	7	31	3.00	28
1196	7	31	3.00	29
1201	7	31	4.00	30
1415	8	2	100.00	1
1416	8	2	110.00	2
1417	8	2	120.00	3
1418	8	2	130.00	4
1419	8	2	140.00	5
1420	8	2	150.00	6
1421	8	2	160.00	7
1422	8	2	170.00	8
1423	8	2	180.00	9
1424	8	2	190.00	10
1425	8	2	200.00	11
1426	8	2	210.00	12
1450	8	2	220.00	13
401	8	2	230.00	14
402	8	2	240.00	15
403	8	2	250.00	16
404	8	2	260.00	17
405	8	2	270.00	18
434	8	2	280.00	19
435	8	2	290.00	20
1174	8	2	300.00	21
1175	8	2	310.00	22
1176	8	2	320.00	23
1177	8	2	330.00	24
1178	8	2	340.00	25
1179	8	2	350.00	26
1180	8	2	360.00	27
1181	8	2	370.00	28
1182	8	2	380.00	29
711	8	2	390.00	30
1334	8	27	10.00	1
1335	8	27	13.00	2
1336	8	27	15.00	3
1337	8	27	17.00	4
1338	8	27	18.00	5
1339	8	27	20.00	6
1340	8	27	21.00	7
1341	8	27	22.00	8
1342	8	27	23.00	9
1343	8	27	24.00	10
1344	8	27	25.00	11
1345	8	27	26.00	12
1347	8	27	27.00	13
1346	8	27	27.00	14
1348	8	27	28.00	15
1350	8	27	29.00	16
1349	8	27	29.00	17
1351	8	27	30.00	18
1353	8	27	31.00	19
1352	8	27	31.00	20
1354	8	27	32.00	21
1356	8	27	33.00	22
1355	8	27	33.00	23
1358	8	27	34.00	24
1357	8	27	34.00	25
1359	8	27	35.00	26
1360	8	27	35.00	27
1361	8	27	36.00	28
1362	8	27	36.00	29
1363	8	27	37.00	30
422	9	7	5.00	1
423	9	7	6.00	2
424	9	7	8.00	3
425	9	7	8.00	4
426	9	7	9.00	5
428	9	7	10.00	6
427	9	7	10.00	7
430	9	7	11.00	8
429	9	7	11.00	9
431	9	7	12.00	10
432	9	7	12.00	11
868	9	7	13.00	12
433	9	7	13.00	13
870	9	7	14.00	14
869	9	7	14.00	15
871	9	7	14.00	16
873	9	7	15.00	17
872	9	7	15.00	18
874	9	7	15.00	19
875	9	7	16.00	20
876	9	7	16.00	21
877	9	7	16.00	22
880	9	7	17.00	23
878	9	7	17.00	24
881	9	7	17.00	25
879	9	7	17.00	26
1228	9	7	18.00	27
882	9	7	18.00	28
1230	9	7	18.00	29
1229	9	7	18.00	30
1004	9	49	20.00	1
1005	9	49	23.00	2
1006	9	49	25.00	3
1007	9	49	27.00	4
1008	9	49	28.00	5
1009	9	49	30.00	6
1010	9	49	31.00	7
1011	9	49	32.00	8
1012	9	49	33.00	9
1041	9	49	34.00	10
1042	9	49	35.00	11
1043	9	49	36.00	12
1045	9	49	37.00	13
1044	9	49	37.00	14
1046	9	49	38.00	15
1048	9	49	39.00	16
1047	9	49	39.00	17
1049	9	49	40.00	18
1018	9	49	41.00	19
364	9	49	41.00	20
1019	9	49	42.00	21
1020	9	49	43.00	22
1021	9	49	43.00	23
1022	9	49	44.00	24
1023	9	49	44.00	25
1024	9	49	45.00	26
1025	9	49	45.00	27
1026	9	49	46.00	28
1027	9	49	46.00	29
1028	9	49	47.00	30
924	10	1	1.00	1
923	10	1	1.00	2
922	10	1	1.00	3
926	10	1	1.00	4
925	10	1	1.00	5
921	10	1	1.00	6
927	10	1	1.00	7
928	10	1	1.00	8
929	10	1	1.00	9
369	10	1	2.00	10
368	10	1	2.00	11
933	10	1	2.00	12
367	10	1	2.00	13
930	10	1	2.00	14
932	10	1	2.00	15
366	10	1	2.00	16
931	10	1	2.00	17
381	10	1	2.00	18
380	10	1	2.00	19
397	10	1	3.00	20
382	10	1	3.00	21
383	10	1	3.00	22
393	10	1	3.00	23
304	10	1	3.00	24
394	10	1	3.00	25
395	10	1	3.00	26
396	10	1	3.00	27
398	10	1	3.00	28
399	10	1	3.00	29
400	10	1	4.00	30
1451	10	20	5.00	1
864	10	20	6.00	2
865	10	20	8.00	3
866	10	20	8.00	4
686	10	20	9.00	5
688	10	20	10.00	6
687	10	20	10.00	7
689	10	20	11.00	8
690	10	20	11.00	9
691	10	20	12.00	10
692	10	20	12.00	11
694	10	20	13.00	12
693	10	20	13.00	13
696	10	20	14.00	14
695	10	20	14.00	15
697	10	20	14.00	16
699	10	20	15.00	17
698	10	20	15.00	18
700	10	20	15.00	19
702	10	20	16.00	20
703	10	20	16.00	21
701	10	20	16.00	22
706	10	20	17.00	23
707	10	20	17.00	24
704	10	20	17.00	25
705	10	20	17.00	26
710	10	20	18.00	27
1000	10	20	18.00	28
708	10	20	18.00	29
709	10	20	18.00	30
1231	11	4	5.00	1
1232	11	4	6.00	2
1234	11	4	8.00	3
1233	11	4	8.00	4
970	11	4	9.00	5
669	11	4	10.00	6
974	11	4	10.00	7
670	11	4	11.00	8
671	11	4	11.00	9
672	11	4	12.00	10
673	11	4	12.00	11
674	11	4	13.00	12
559	11	4	13.00	13
562	11	4	14.00	14
561	11	4	14.00	15
560	11	4	14.00	16
564	11	4	15.00	17
563	11	4	15.00	18
565	11	4	15.00	19
566	11	4	16.00	20
567	11	4	16.00	21
568	11	4	16.00	22
570	11	4	17.00	23
571	11	4	17.00	24
572	11	4	17.00	25
569	11	4	17.00	26
574	11	4	18.00	27
576	11	4	18.00	28
573	11	4	18.00	29
575	11	4	18.00	30
339	11	39	1.00	1
340	11	39	1.00	2
240	11	39	1.00	3
233	11	39	1.00	4
236	11	39	1.00	5
237	11	39	1.00	6
238	11	39	1.00	7
234	11	39	1.00	8
232	11	39	1.00	9
239	11	39	1.00	10
241	11	39	1.00	11
235	11	39	1.00	12
337	11	39	1.00	13
338	11	39	1.00	14
1402	11	39	2.00	15
1400	11	39	2.00	16
1399	11	39	2.00	17
1398	11	39	2.00	18
1397	11	39	2.00	19
1396	11	39	2.00	20
1395	11	39	2.00	21
1401	11	39	2.00	22
341	11	39	2.00	23
1403	11	39	2.00	24
1404	11	39	2.00	25
1405	11	39	2.00	26
1406	11	39	2.00	27
1407	11	39	2.00	28
1408	11	39	2.00	29
1409	11	39	3.00	30
580	12	11	3.00	1
581	12	11	3.00	2
583	12	11	4.00	3
582	12	11	4.00	4
585	12	11	5.00	5
584	12	11	5.00	6
587	12	11	5.00	7
586	12	11	5.00	8
589	12	11	6.00	9
591	12	11	6.00	10
590	12	11	6.00	11
588	12	11	6.00	12
595	12	11	7.00	13
596	12	11	7.00	14
593	12	11	7.00	15
592	12	11	7.00	16
594	12	11	7.00	17
601	12	11	8.00	18
597	12	11	8.00	19
598	12	11	8.00	20
599	12	11	8.00	21
600	12	11	8.00	22
602	12	11	8.00	23
603	12	11	8.00	24
604	12	11	9.00	25
608	12	11	9.00	26
609	12	11	9.00	27
607	12	11	9.00	28
606	12	11	9.00	29
605	12	11	9.00	30
1288	12	40	5.00	1
1289	12	40	11.00	2
1290	12	40	15.00	3
1291	12	40	17.00	4
1292	12	40	19.00	5
1293	12	40	21.00	6
1294	12	40	22.00	7
1295	12	40	24.00	8
1296	12	40	25.00	9
1297	12	40	26.00	10
1298	12	40	28.00	11
1299	12	40	29.00	12
1300	12	40	30.00	13
1301	12	40	31.00	14
1302	12	40	33.00	15
1303	12	40	34.00	16
1304	12	40	35.00	17
1305	12	40	37.00	18
1306	12	40	38.00	19
1307	12	40	39.00	20
1310	12	40	41.00	21
1309	12	40	41.00	22
1308	12	40	41.00	23
1311	12	40	42.00	24
1312	12	40	42.00	25
1314	12	40	43.00	26
1313	12	40	43.00	27
1316	12	40	44.00	28
1315	12	40	44.00	29
1333	12	40	45.00	30
1481	13	13	3.00	1
1480	13	13	3.00	2
1482	13	13	4.00	3
1483	13	13	4.00	4
1486	13	13	5.00	5
1485	13	13	5.00	6
1484	13	13	5.00	7
682	13	13	5.00	8
712	13	13	6.00	9
683	13	13	6.00	10
684	13	13	6.00	11
713	13	13	6.00	12
714	13	13	7.00	13
718	13	13	7.00	14
717	13	13	7.00	15
716	13	13	7.00	16
715	13	13	7.00	17
1429	13	13	8.00	18
1428	13	13	8.00	19
1427	13	13	8.00	20
1433	13	13	8.00	21
1432	13	13	8.00	22
1431	13	13	8.00	23
1430	13	13	8.00	24
1449	13	13	9.00	25
1434	13	13	9.00	26
1445	13	13	9.00	27
1446	13	13	9.00	28
1447	13	13	9.00	29
1448	13	13	9.00	30
1393	13	46	25.00	1
378	13	46	25.00	2
379	13	46	25.00	3
1391	13	46	25.00	4
1392	13	46	25.00	5
1394	13	46	25.00	6
1487	13	46	25.00	7
377	13	46	26.00	19
1444	13	46	30.00	20
376	13	46	30.00	21
1441	13	46	35.00	22
1443	13	46	35.00	23
1439	13	46	35.00	24
1440	13	46	35.00	25
1442	13	46	35.00	26
1437	13	46	40.00	27
1438	13	46	40.00	28
1436	13	46	40.00	29
1435	13	46	40.00	30
577	14	17	3.00	1
578	14	17	3.00	2
579	14	17	4.00	3
362	14	17	4.00	4
365	14	17	5.00	5
913	14	17	5.00	6
914	14	17	5.00	7
363	14	17	5.00	8
916	14	17	6.00	9
917	14	17	6.00	10
918	14	17	6.00	11
915	14	17	6.00	12
919	14	17	7.00	13
920	14	17	7.00	14
437	14	17	7.00	15
436	14	17	7.00	16
438	14	17	7.00	17
442	14	17	8.00	18
439	14	17	8.00	19
440	14	17	8.00	20
441	14	17	8.00	21
445	14	17	8.00	22
444	14	17	8.00	23
443	14	17	8.00	24
450	14	17	9.00	25
449	14	17	9.00	26
448	14	17	9.00	27
447	14	17	9.00	28
446	14	17	9.00	29
451	14	17	9.00	30
1235	14	43	20.00	1
1236	14	43	23.00	2
1237	14	43	25.00	3
1238	14	43	27.00	4
1239	14	43	28.00	5
1240	14	43	30.00	6
1241	14	43	31.00	7
1242	14	43	32.00	8
1243	14	43	33.00	9
1244	14	43	34.00	10
1245	14	43	35.00	11
1246	14	43	36.00	12
1248	14	43	37.00	13
1247	14	43	37.00	14
1249	14	43	38.00	15
1250	14	43	39.00	16
1251	14	43	39.00	17
1252	14	43	40.00	18
1253	14	43	41.00	19
1254	14	43	41.00	20
1255	14	43	42.00	21
1257	14	43	43.00	22
1256	14	43	43.00	23
1259	14	43	44.00	24
1258	14	43	44.00	25
1261	14	43	45.00	26
1260	14	43	45.00	27
1262	14	43	46.00	28
1263	14	43	46.00	29
1264	14	43	47.00	30
1286	15	6	100.00	1
1287	15	6	110.00	2
1317	15	6	120.00	3
1318	15	6	130.00	4
1319	15	6	140.00	5
1320	15	6	150.00	6
1321	15	6	160.00	7
1322	15	6	170.00	8
979	15	6	180.00	9
980	15	6	190.00	10
981	15	6	200.00	11
982	15	6	210.00	12
983	15	6	220.00	13
984	15	6	230.00	14
985	15	6	240.00	15
986	15	6	250.00	16
987	15	6	260.00	17
988	15	6	270.00	18
989	15	6	280.00	19
1202	15	6	290.00	20
990	15	6	300.00	21
991	15	6	310.00	22
992	15	6	320.00	23
993	15	6	330.00	24
994	15	6	340.00	25
995	15	6	350.00	26
996	15	6	360.00	27
997	15	6	370.00	28
998	15	6	380.00	29
999	15	6	390.00	30
1029	15	21	10.00	1
1030	15	21	13.00	2
1031	15	21	15.00	3
1032	15	21	17.00	4
1033	15	21	18.00	5
1034	15	21	20.00	6
1035	15	21	21.00	7
1036	15	21	22.00	8
1037	15	21	23.00	9
1038	15	21	24.00	10
1039	15	21	25.00	11
1040	15	21	26.00	12
1050	15	21	27.00	13
1051	15	21	27.00	14
1052	15	21	28.00	15
1054	15	21	29.00	16
1053	15	21	29.00	17
1055	15	21	30.00	18
1056	15	21	31.00	19
1057	15	21	31.00	20
1058	15	21	32.00	21
1060	15	21	33.00	22
1059	15	21	33.00	23
1062	15	21	34.00	24
1061	15	21	34.00	25
1063	15	21	35.00	26
1064	15	21	35.00	27
1065	15	21	36.00	28
1066	15	21	36.00	29
1067	15	21	37.00	30
1221	17	12	3.00	1
1220	17	12	3.00	2
1222	17	12	4.00	3
1223	17	12	4.00	4
1224	17	12	5.00	5
1225	17	12	5.00	6
1227	17	12	5.00	7
1226	17	12	5.00	8
554	17	12	6.00	9
555	17	12	6.00	10
556	17	12	6.00	11
475	17	12	6.00	12
406	17	12	7.00	13
557	17	12	7.00	14
558	17	12	7.00	15
408	17	12	7.00	16
407	17	12	7.00	17
412	17	12	8.00	18
413	17	12	8.00	19
414	17	12	8.00	20
415	17	12	8.00	21
409	17	12	8.00	22
410	17	12	8.00	23
411	17	12	8.00	24
417	17	12	9.00	25
416	17	12	9.00	26
418	17	12	9.00	27
419	17	12	9.00	28
420	17	12	9.00	29
421	17	12	9.00	30
943	17	32	20.00	1
944	17	32	23.00	2
945	17	32	25.00	3
946	17	32	27.00	4
947	17	32	28.00	5
948	17	32	30.00	6
949	17	32	31.00	7
950	17	32	32.00	8
951	17	32	33.00	9
952	17	32	34.00	10
953	17	32	35.00	11
954	17	32	36.00	12
955	17	32	37.00	13
956	17	32	37.00	14
957	17	32	38.00	15
958	17	32	39.00	16
959	17	32	39.00	17
960	17	32	40.00	18
962	17	32	41.00	19
961	17	32	41.00	20
963	17	32	42.00	21
964	17	32	43.00	22
965	17	32	43.00	23
966	17	32	44.00	24
967	17	32	44.00	25
968	17	32	45.00	26
969	17	32	45.00	27
971	17	32	46.00	28
972	17	32	46.00	29
973	17	32	47.00	30
1	18	24	5.00	1
2	18	24	7.00	2
4	18	24	8.00	3
3	18	24	8.00	4
5	18	24	9.00	5
7	18	24	10.00	6
6	18	24	10.00	7
8	18	24	11.00	8
11	18	24	12.00	9
10	18	24	12.00	10
9	18	24	12.00	11
13	18	24	13.00	12
12	18	24	13.00	13
14	18	24	14.00	14
16	18	24	14.00	15
15	18	24	14.00	16
493	18	24	15.00	17
17	18	24	15.00	18
492	18	24	15.00	19
495	18	24	16.00	20
496	18	24	16.00	21
494	18	24	16.00	22
497	18	24	17.00	23
500	18	24	17.00	24
498	18	24	17.00	25
499	18	24	17.00	26
503	18	24	18.00	27
502	18	24	18.00	28
501	18	24	18.00	29
504	18	24	18.00	30
1126	18	42	10.00	1
1127	18	42	13.00	2
1128	18	42	15.00	3
1129	18	42	17.00	4
1130	18	42	18.00	5
1131	18	42	20.00	6
1132	18	42	21.00	7
1133	18	42	22.00	8
1134	18	42	23.00	9
1135	18	42	24.00	10
1136	18	42	25.00	11
1137	18	42	26.00	12
1138	18	42	27.00	13
1139	18	42	27.00	14
1140	18	42	28.00	15
1141	18	42	29.00	16
1142	18	42	29.00	17
1143	18	42	30.00	18
1145	18	42	31.00	19
1144	18	42	31.00	20
1146	18	42	32.00	21
1147	18	42	33.00	22
1148	18	42	33.00	23
1150	18	42	34.00	24
1149	18	42	34.00	25
1151	18	42	35.00	26
1152	18	42	35.00	27
797	18	42	36.00	28
1153	18	42	36.00	29
1154	18	42	37.00	30
610	19	3	25.00	1
611	19	3	35.00	2
612	19	3	43.00	3
613	19	3	49.00	4
614	19	3	54.00	5
660	19	3	59.00	6
661	19	3	64.00	7
662	19	3	68.00	8
1068	19	3	72.00	9
1069	19	3	75.00	10
1070	19	3	79.00	11
1071	19	3	82.00	12
1072	19	3	85.00	13
1073	19	3	88.00	14
1074	19	3	91.00	15
867	19	3	94.00	16
934	19	3	96.00	17
935	19	3	99.00	18
936	19	3	101.00	19
937	19	3	104.00	20
663	19	3	106.00	21
664	19	3	108.00	22
665	19	3	111.00	23
666	19	3	113.00	24
667	19	3	115.00	25
675	19	3	117.00	26
676	19	3	119.00	27
677	19	3	121.00	28
678	19	3	123.00	29
679	19	3	125.00	30
1364	19	44	5.00	1
1365	19	44	11.00	2
1366	19	44	15.00	3
1367	19	44	17.00	4
1368	19	44	19.00	5
1369	19	44	21.00	6
1370	19	44	22.00	7
1371	19	44	24.00	8
1372	19	44	25.00	9
1373	19	44	26.00	10
1374	19	44	28.00	11
1375	19	44	29.00	12
1376	19	44	30.00	13
1377	19	44	31.00	14
1378	19	44	33.00	15
1379	19	44	34.00	16
1380	19	44	35.00	17
1381	19	44	37.00	18
1382	19	44	38.00	19
1383	19	44	39.00	20
1384	19	44	41.00	21
1386	19	44	41.00	22
1385	19	44	41.00	23
1388	19	44	42.00	24
1387	19	44	42.00	25
115	19	44	43.00	27
1389	19	44	44.00	28
1390	19	44	45.00	30
523	20	37	10.00	1
524	20	37	12.00	2
525	20	37	13.00	3
526	20	37	15.00	4
527	20	37	20.00	5
528	20	37	20.00	6
529	20	37	21.00	7
530	20	37	22.00	8
531	20	37	23.00	9
532	20	37	23.00	10
534	20	37	24.00	11
533	20	37	24.00	12
535	20	37	25.00	13
536	20	37	25.00	14
537	20	37	30.00	15
539	20	37	30.00	16
538	20	37	30.00	17
18	20	37	31.00	18
19	20	37	31.00	19
21	20	37	32.00	20
20	20	37	32.00	21
22	20	37	32.00	22
23	20	37	33.00	23
24	20	37	33.00	24
25	20	37	33.00	25
26	20	37	34.00	26
81	20	37	34.00	27
27	20	37	34.00	28
82	20	37	35.00	29
83	20	37	40.00	30
784	20	41	15.00	1
785	20	41	16.00	2
786	20	41	17.00	3
787	20	41	18.00	4
788	20	41	20.00	5
789	20	41	21.00	6
790	20	41	22.00	7
791	20	41	23.00	8
792	20	41	24.00	9
793	20	41	25.00	10
794	20	41	26.00	11
795	20	41	27.00	12
796	20	41	28.00	13
506	20	41	29.00	14
507	20	41	32.00	15
508	20	41	33.00	16
509	20	41	34.00	17
510	20	41	35.00	18
511	20	41	36.00	19
512	20	41	37.00	20
513	20	41	38.00	21
514	20	41	39.00	22
515	20	41	40.00	23
516	20	41	41.00	24
517	20	41	42.00	25
518	20	41	43.00	26
519	20	41	44.00	27
520	20	41	45.00	28
521	20	41	46.00	29
522	20	41	52.00	30
801	21	35	40.00	1
802	21	35	60.00	2
803	21	35	77.00	3
804	21	35	91.00	4
805	21	35	104.00	5
806	21	35	116.00	6
807	21	35	127.00	7
808	21	35	137.00	8
809	21	35	147.00	9
810	21	35	157.00	10
811	21	35	166.00	11
812	21	35	174.00	12
813	21	35	183.00	13
814	21	35	191.00	14
815	21	35	199.00	15
816	21	35	207.00	16
817	21	35	214.00	17
818	21	35	222.00	18
819	21	35	229.00	19
820	21	35	236.00	20
821	21	35	243.00	21
822	21	35	250.00	22
823	21	35	256.00	23
824	21	35	263.00	24
825	21	35	269.00	25
826	21	35	276.00	26
827	21	35	282.00	27
828	21	35	288.00	28
829	21	35	294.00	29
830	21	35	300.00	30
320	21	39	1.00	1
313	21	39	1.00	2
314	21	39	1.00	3
315	21	39	1.00	4
316	21	39	1.00	5
317	21	39	1.00	6
318	21	39	1.00	7
321	21	39	1.00	8
319	21	39	1.00	9
326	21	39	2.00	10
751	21	39	2.00	11
328	21	39	2.00	12
329	21	39	2.00	13
330	21	39	2.00	14
327	21	39	2.00	15
322	21	39	2.00	16
323	21	39	2.00	17
324	21	39	2.00	18
325	21	39	2.00	19
752	21	39	3.00	20
758	21	39	3.00	21
759	21	39	3.00	22
760	21	39	3.00	23
753	21	39	3.00	24
761	21	39	3.00	25
757	21	39	3.00	26
754	21	39	3.00	27
755	21	39	3.00	28
756	21	39	3.00	29
762	21	39	4.00	30
832	22	34	20.00	1
834	22	34	20.00	2
831	22	34	20.00	3
833	22	34	20.00	4
837	22	34	25.00	5
835	22	34	25.00	6
836	22	34	25.00	7
838	22	34	25.00	8
839	22	34	25.00	9
840	22	34	30.00	10
841	22	34	30.00	11
842	22	34	30.00	12
843	22	34	30.00	13
844	22	34	30.00	14
845	22	34	35.00	15
849	22	34	35.00	16
848	22	34	35.00	17
847	22	34	35.00	18
846	22	34	35.00	19
851	22	34	40.00	20
852	22	34	40.00	21
853	22	34	40.00	22
854	22	34	40.00	23
850	22	34	40.00	24
859	22	34	45.00	25
858	22	34	45.00	26
857	22	34	45.00	27
856	22	34	45.00	28
855	22	34	45.00	29
860	22	34	50.00	30
763	22	47	10.00	1
764	22	47	13.00	2
765	22	47	15.00	3
766	22	47	17.00	4
767	22	47	18.00	5
768	22	47	20.00	6
769	22	47	21.00	7
770	22	47	22.00	8
771	22	47	23.00	9
772	22	47	24.00	10
773	22	47	25.00	11
774	22	47	26.00	12
776	22	47	27.00	13
775	22	47	27.00	14
777	22	47	28.00	15
778	22	47	29.00	16
779	22	47	29.00	17
780	22	47	30.00	18
782	22	47	31.00	19
781	22	47	31.00	20
783	22	47	32.00	21
385	22	47	33.00	22
384	22	47	33.00	23
387	22	47	34.00	24
386	22	47	34.00	25
388	22	47	35.00	26
389	22	47	35.00	27
391	22	47	36.00	28
390	22	47	36.00	29
392	22	47	37.00	30
1323	23	20	5.00	1
1002	23	20	6.00	2
1003	23	20	6.00	3
1001	23	20	6.00	4
1013	23	20	7.00	5
1015	23	20	7.00	6
1016	23	20	7.00	7
1014	23	20	7.00	8
1094	23	20	8.00	9
1095	23	20	8.00	10
1203	23	20	8.00	11
1324	23	20	8.00	12
1017	23	20	8.00	13
685	23	20	8.00	14
1210	23	20	9.00	15
1208	23	20	9.00	16
1204	23	20	9.00	17
1209	23	20	9.00	18
1207	23	20	9.00	19
1206	23	20	9.00	20
1205	23	20	9.00	21
1211	23	20	9.00	22
1216	23	20	10.00	23
1215	23	20	10.00	24
1219	23	20	10.00	25
1214	23	20	10.00	26
1213	23	20	10.00	27
1212	23	20	10.00	28
1217	23	20	10.00	29
1218	23	20	10.00	30
883	23	36	20.00	1
884	23	36	23.00	2
885	23	36	25.00	3
886	23	36	27.00	4
887	23	36	28.00	5
888	23	36	30.00	6
889	23	36	31.00	7
890	23	36	32.00	8
891	23	36	33.00	9
892	23	36	34.00	10
893	23	36	35.00	11
894	23	36	36.00	12
896	23	36	37.00	13
895	23	36	37.00	14
897	23	36	38.00	15
899	23	36	39.00	16
898	23	36	39.00	17
900	23	36	40.00	18
902	23	36	41.00	19
901	23	36	41.00	20
903	23	36	42.00	21
904	23	36	43.00	22
905	23	36	43.00	23
906	23	36	44.00	24
907	23	36	44.00	25
908	23	36	45.00	26
909	23	36	45.00	27
911	23	36	46.00	28
910	23	36	46.00	29
912	23	36	47.00	30
342	24	23	3.00	1
370	24	23	3.00	2
371	24	23	4.00	3
372	24	23	4.00	4
374	24	23	5.00	5
375	24	23	5.00	6
84	24	23	5.00	7
373	24	23	5.00	8
85	24	23	6.00	9
86	24	23	6.00	10
87	24	23	6.00	11
88	24	23	6.00	12
91	24	23	7.00	13
93	24	23	7.00	14
92	24	23	7.00	15
90	24	23	7.00	16
89	24	23	7.00	17
96	24	23	8.00	18
100	24	23	8.00	19
99	24	23	8.00	20
94	24	23	8.00	21
98	24	23	8.00	22
97	24	23	8.00	23
95	24	23	8.00	24
101	24	23	9.00	25
102	24	23	9.00	26
103	24	23	9.00	27
104	24	23	9.00	28
105	24	23	9.00	29
106	24	23	9.00	30
107	24	29	10.00	1
108	24	29	14.00	2
109	24	29	17.00	3
110	24	29	19.00	4
111	24	29	25.00	5
112	24	29	27.00	6
113	24	29	28.00	7
114	24	29	30.00	8
116	24	29	31.00	9
117	24	29	35.00	10
118	24	29	36.00	11
119	24	29	37.00	12
120	24	29	39.00	13
121	24	29	40.00	14
122	24	29	45.00	15
123	24	29	46.00	16
124	24	29	47.00	17
125	24	29	48.00	18
126	24	29	49.00	19
127	24	29	55.00	20
128	24	29	56.00	21
129	24	29	57.00	22
130	24	29	57.00	23
131	24	29	58.00	24
132	24	29	65.00	25
134	24	29	66.00	26
133	24	29	66.00	27
135	24	29	67.00	28
136	24	29	68.00	29
137	24	29	75.00	30
231	25	33	1.00	1
336	25	33	1.00	2
335	25	33	1.00	3
334	25	33	1.00	4
333	25	33	1.00	5
332	25	33	1.00	6
331	25	33	1.00	7
659	25	33	1.00	8
658	25	33	1.00	9
657	25	33	1.00	10
656	25	33	1.00	11
655	25	33	1.00	12
654	25	33	1.00	13
653	25	33	1.00	14
230	25	33	1.00	15
229	25	33	1.00	16
228	25	33	1.00	17
227	25	33	1.00	18
226	25	33	1.00	19
225	25	33	1.00	20
224	25	33	1.00	21
223	25	33	1.00	22
222	25	33	1.00	23
221	25	33	1.00	24
220	25	33	1.00	25
219	25	33	1.00	26
218	25	33	1.00	27
217	25	33	1.00	28
216	25	33	1.00	29
505	25	33	1.00	30
623	25	38	250.00	1
624	25	38	270.00	2
625	25	38	290.00	3
626	25	38	310.00	4
627	25	38	330.00	5
628	25	38	350.00	6
629	25	38	370.00	7
630	25	38	390.00	8
631	25	38	410.00	9
632	25	38	430.00	10
633	25	38	450.00	11
634	25	38	470.00	12
635	25	38	490.00	13
636	25	38	510.00	14
637	25	38	530.00	15
638	25	38	550.00	16
639	25	38	570.00	17
640	25	38	590.00	18
641	25	38	610.00	19
642	25	38	630.00	20
643	25	38	650.00	21
644	25	38	670.00	22
645	25	38	690.00	23
646	25	38	710.00	24
647	25	38	730.00	25
648	25	38	750.00	26
649	25	38	770.00	27
650	25	38	790.00	28
651	25	38	810.00	29
652	25	38	830.00	30
168	26	30	5.00	1
169	26	30	11.00	2
170	26	30	15.00	3
171	26	30	17.00	4
172	26	30	19.00	5
173	26	30	21.00	6
174	26	30	22.00	7
175	26	30	24.00	8
176	26	30	25.00	9
177	26	30	26.00	10
178	26	30	28.00	11
179	26	30	29.00	12
180	26	30	30.00	13
181	26	30	31.00	14
182	26	30	33.00	15
183	26	30	34.00	16
184	26	30	35.00	17
185	26	30	37.00	18
186	26	30	38.00	19
187	26	30	39.00	20
190	26	30	41.00	21
189	26	30	41.00	22
188	26	30	41.00	23
192	26	30	42.00	24
191	26	30	42.00	25
194	26	30	43.00	26
193	26	30	43.00	27
798	26	30	44.00	28
799	26	30	44.00	29
800	26	30	45.00	30
138	26	48	30.00	1
139	26	48	44.00	2
140	26	48	55.00	3
141	26	48	65.00	4
142	26	48	74.00	5
143	26	48	82.00	6
144	26	48	89.00	7
145	26	48	96.00	8
146	26	48	102.00	9
147	26	48	108.00	10
148	26	48	114.00	11
149	26	48	120.00	12
150	26	48	126.00	13
151	26	48	131.00	14
152	26	48	136.00	15
153	26	48	141.00	16
154	26	48	146.00	17
155	26	48	150.00	18
156	26	48	155.00	19
157	26	48	160.00	20
158	26	48	164.00	21
159	26	48	168.00	22
160	26	48	173.00	23
161	26	48	177.00	24
162	26	48	181.00	25
163	26	48	185.00	26
164	26	48	189.00	27
165	26	48	193.00	28
166	26	48	196.00	29
167	26	48	200.00	30
477	\N	26	200.00	1
479	\N	26	200.00	2
476	\N	26	200.00	3
478	\N	26	200.00	4
482	\N	26	240.00	5
484	\N	26	240.00	6
480	\N	26	240.00	7
481	\N	26	240.00	8
483	\N	26	240.00	9
486	\N	26	280.00	10
489	\N	26	280.00	11
488	\N	26	280.00	12
487	\N	26	280.00	13
485	\N	26	280.00	14
540	\N	26	320.00	15
491	\N	26	320.00	16
490	\N	26	320.00	17
542	\N	26	320.00	18
541	\N	26	320.00	19
544	\N	26	360.00	20
543	\N	26	360.00	21
547	\N	26	360.00	22
546	\N	26	360.00	23
545	\N	26	360.00	24
550	\N	26	400.00	25
548	\N	26	400.00	26
549	\N	26	400.00	27
552	\N	26	400.00	28
551	\N	26	400.00	29
553	\N	26	440.00	30
73	2	8	8.00	1
44	2	8	10.00	2
45	2	8	13.00	3
46	2	8	15.00	4
47	2	8	17.00	5
48	2	8	18.00	6
49	2	8	20.00	7
50	2	8	21.00	8
51	2	8	22.00	9
52	2	8	23.00	10
53	2	8	24.00	11
54	2	8	25.00	12
55	2	8	26.00	13
57	2	8	27.00	14
56	2	8	27.00	15
58	2	8	28.00	16
60	2	8	29.00	17
59	2	8	29.00	18
61	2	8	30.00	19
62	2	8	31.00	20
63	2	8	31.00	21
64	2	8	32.00	22
65	2	8	33.00	23
66	2	8	33.00	24
68	2	8	34.00	25
67	2	8	34.00	26
70	2	8	35.00	27
69	2	8	35.00	28
72	2	8	36.00	29
71	2	8	36.00	30
1488	13	46	25.00	8
1489	13	46	25.00	9
1490	13	46	25.00	10
1491	13	46	25.00	11
1492	13	46	25.00	12
1493	13	46	25.00	13
1494	13	46	25.00	14
1495	13	46	25.00	15
1496	13	46	25.00	16
1497	13	46	25.00	17
1498	13	46	25.00	18
1499	19	44	43.00	26
1500	19	44	44.00	29
\.


--
-- Data for Name: wonder_type; Type: TABLE DATA; Schema: public; Owner: postgres
--

COPY public.wonder_type (id, name, english_name) FROM stdin;
1	Arena	Arena
2	Fort	Fortress
3	Natuur	Nature
4	Marine	Naval
5	Paleis	Palace
6	Standbeeld	Statue
7	Tempel	Temple
\.


--
-- Data for Name: wonders; Type: TABLE DATA; Schema: public; Owner: postgres
--

COPY public.wonders (id, name, english_name, allied, wonder_type_1, wonder_type_2, synergy_bonus, synergy_type, synergy_amount, synergy_multiplier) FROM stdin;
25	Hagia Sophia	Hagia Sophia	f	7	\N	\N	\N	\N	1
21	Alhambra	Alhambra	f	2	3	\N	\N	\N	1
23	Walhalla	Valhalla	t	1	3	5	20	1.50	1
17	Paleis van Sayil	Sayil Palace	t	2	5	2	12	2.00	1
9	Grote sfinx	Great Sphinx	t	6	\N	6	7	4.00	1
15	Verboden stad	Forbidden City	t	5	7	7	6	60.00	1
6	Mausoleum van Halicarnassus	Tomb of Mausolus	f	7	\N	7	19	100.00	1
18	Tikal	Tikal	t	1	5	1	18	5.00	1
7	Kolossus van Rhodos	Colossus of Rhodes	f	4	6	4	5	5.00	1
2	Hangende Tuinen	Hanging Gardens	f	3	5	5	8	8.00	1
11	Colosseum	Colosseum	f	1	2	6	4	4.00	1
14	Terracottaleger	Terracotta Army	t	2	6	2	17	2.00	1
3	Standbeeld van Zeus	Statue of Zeus	f	6	\N	6	14	4.00	1
12	Paleis in Aken	Palace of Aachen	f	2	5	2	11	2.00	1
8	Piramide van Cheops	Cheops Pyramid	t	7	\N	7	2	60.00	1
19	Chitzen Itza	Chichen Itza	t	1	7	1	3	1.00	1
13	Sherwoodbos	Sherwood Forest	f	2	3	2	13	2.00	1
5	Pharos van Alexandrie	Lighthouse of Alexandria	f	4	7	4	10	15.00	1
16	Chinese muur	Great Wall	t	2	7	2	1	1.00	1
1	Stonehenge	Stonehenge	f	6	7	7	1	1.00	1
20	Scheve toren van Pisa	Leaning Tower of Pisa	f	3	7	3	9	2.50	1
10	Aboe Simbel	Abu Simbel	t	5	\N	6	1	1.00	1
26	Cit van Carcassonne	Cit de Carcassonne	f	2	5	\N	\N	\N	1
22	Yggdrasil	Yggdrasil	t	3	6	\N	\N	\N	2
24	Drakenschip Ellida	Dragonship Ellida	t	4	6	\N	\N	\N	2
4	Tempel van Artemis	Temple of Artemis	f	7	\N	6	15	4.00	1
\.


--
-- Name: bonus_type_id_seq; Type: SEQUENCE SET; Schema: public; Owner: postgres
--

SELECT pg_catalog.setval('public.bonus_type_id_seq', 49, true);


--
-- Name: user_bonus_preferences_id_seq; Type: SEQUENCE SET; Schema: public; Owner: postgres
--

SELECT pg_catalog.setval('public.user_bonus_preferences_id_seq', 47, true);


--
-- Name: user_wonders_id_seq; Type: SEQUENCE SET; Schema: public; Owner: postgres
--

SELECT pg_catalog.setval('public.user_wonders_id_seq', 26, true);


--
-- Name: users_id_seq; Type: SEQUENCE SET; Schema: public; Owner: postgres
--

SELECT pg_catalog.setval('public.users_id_seq', 1, true);


--
-- Name: wonder_level_stats_id_seq; Type: SEQUENCE SET; Schema: public; Owner: postgres
--

SELECT pg_catalog.setval('public.wonder_level_stats_id_seq', 1500, true);


--
-- Name: wonder_type_id_seq; Type: SEQUENCE SET; Schema: public; Owner: postgres
--

SELECT pg_catalog.setval('public.wonder_type_id_seq', 7, true);


--
-- Name: wonders_id_seq; Type: SEQUENCE SET; Schema: public; Owner: postgres
--

SELECT pg_catalog.setval('public.wonders_id_seq', 26, true);


--
-- Name: bonus_type bonus_type_pkey; Type: CONSTRAINT; Schema: public; Owner: postgres
--

ALTER TABLE ONLY public.bonus_type
    ADD CONSTRAINT bonus_type_pkey PRIMARY KEY (id);


--
-- Name: bonus_type uq_name_short; Type: CONSTRAINT; Schema: public; Owner: postgres
--

ALTER TABLE ONLY public.bonus_type
    ADD CONSTRAINT uq_name_short UNIQUE (name_short);


--
-- Name: user_wonders uq_user_wonders; Type: CONSTRAINT; Schema: public; Owner: postgres
--

ALTER TABLE ONLY public.user_wonders
    ADD CONSTRAINT uq_user_wonders UNIQUE (wonder_id, user_id);


--
-- Name: user_bonus_preferences user_bonus_preferences_pkey; Type: CONSTRAINT; Schema: public; Owner: postgres
--

ALTER TABLE ONLY public.user_bonus_preferences
    ADD CONSTRAINT user_bonus_preferences_pkey PRIMARY KEY (id);


--
-- Name: user_wonders user_wonders_pkey; Type: CONSTRAINT; Schema: public; Owner: postgres
--

ALTER TABLE ONLY public.user_wonders
    ADD CONSTRAINT user_wonders_pkey PRIMARY KEY (id);


--
-- Name: users users_pkey; Type: CONSTRAINT; Schema: public; Owner: postgres
--

ALTER TABLE ONLY public.users
    ADD CONSTRAINT users_pkey PRIMARY KEY (id);


--
-- Name: wonder_level_stats wonder_level_stats_pkey; Type: CONSTRAINT; Schema: public; Owner: postgres
--

ALTER TABLE ONLY public.wonder_level_stats
    ADD CONSTRAINT wonder_level_stats_pkey PRIMARY KEY (id);


--
-- Name: wonder_type wonder_type_pkey; Type: CONSTRAINT; Schema: public; Owner: postgres
--

ALTER TABLE ONLY public.wonder_type
    ADD CONSTRAINT wonder_type_pkey PRIMARY KEY (id);


--
-- Name: wonders wonders_pkey; Type: CONSTRAINT; Schema: public; Owner: postgres
--

ALTER TABLE ONLY public.wonders
    ADD CONSTRAINT wonders_pkey PRIMARY KEY (id);


--
-- Name: user_bonus_preferences user_bonus_preferences_bonus_type_id_fkey; Type: FK CONSTRAINT; Schema: public; Owner: postgres
--

ALTER TABLE ONLY public.user_bonus_preferences
    ADD CONSTRAINT user_bonus_preferences_bonus_type_id_fkey FOREIGN KEY (bonus_type_id) REFERENCES public.bonus_type(id);


--
-- Name: user_bonus_preferences user_bonus_preferences_user_id_fkey; Type: FK CONSTRAINT; Schema: public; Owner: postgres
--

ALTER TABLE ONLY public.user_bonus_preferences
    ADD CONSTRAINT user_bonus_preferences_user_id_fkey FOREIGN KEY (user_id) REFERENCES public.users(id);


--
-- Name: user_wonders user_wonders_user_id_fkey; Type: FK CONSTRAINT; Schema: public; Owner: postgres
--

ALTER TABLE ONLY public.user_wonders
    ADD CONSTRAINT user_wonders_user_id_fkey FOREIGN KEY (user_id) REFERENCES public.users(id);


--
-- Name: user_wonders user_wonders_wonder_id_fkey; Type: FK CONSTRAINT; Schema: public; Owner: postgres
--

ALTER TABLE ONLY public.user_wonders
    ADD CONSTRAINT user_wonders_wonder_id_fkey FOREIGN KEY (wonder_id) REFERENCES public.wonders(id);


--
-- Name: wonder_level_stats wonder_level_stats_bonus_type_id_fkey; Type: FK CONSTRAINT; Schema: public; Owner: postgres
--

ALTER TABLE ONLY public.wonder_level_stats
    ADD CONSTRAINT wonder_level_stats_bonus_type_id_fkey FOREIGN KEY (bonus_type_id) REFERENCES public.bonus_type(id);


--
-- Name: wonder_level_stats wonder_level_stats_wonder_id_fkey; Type: FK CONSTRAINT; Schema: public; Owner: postgres
--

ALTER TABLE ONLY public.wonder_level_stats
    ADD CONSTRAINT wonder_level_stats_wonder_id_fkey FOREIGN KEY (wonder_id) REFERENCES public.wonders(id);


--
-- Name: wonders wonders_synergy_bonus_fkey; Type: FK CONSTRAINT; Schema: public; Owner: postgres
--

ALTER TABLE ONLY public.wonders
    ADD CONSTRAINT wonders_synergy_bonus_fkey FOREIGN KEY (synergy_bonus) REFERENCES public.wonder_type(id);


--
-- Name: wonders wonders_synergy_type_fkey; Type: FK CONSTRAINT; Schema: public; Owner: postgres
--

ALTER TABLE ONLY public.wonders
    ADD CONSTRAINT wonders_synergy_type_fkey FOREIGN KEY (synergy_type) REFERENCES public.bonus_type(id);


--
-- Name: wonders wonders_wonder_type_1_fkey; Type: FK CONSTRAINT; Schema: public; Owner: postgres
--

ALTER TABLE ONLY public.wonders
    ADD CONSTRAINT wonders_wonder_type_1_fkey FOREIGN KEY (wonder_type_1) REFERENCES public.wonder_type(id);


--
-- Name: wonders wonders_wonder_type_2_fkey; Type: FK CONSTRAINT; Schema: public; Owner: postgres
--

ALTER TABLE ONLY public.wonders
    ADD CONSTRAINT wonders_wonder_type_2_fkey FOREIGN KEY (wonder_type_2) REFERENCES public.wonder_type(id);


--
-- PostgreSQL database dump complete
--

